time,body_idx,position_vec,force_vec
0.0,BodyIndex(3),"[0.00833, -0.025, 0.0]","[0.0, -0.0, -0.0]"
0.0,BodyIndex(3),"[0.02499, -0.025, 0.0]","[0.0, -0.0, -0.0]"
0.05,BodyIndex(3),"[0.00833, -0.025, 0.0]","[1.7472721681731761e-06, 5.744656167162564e-06, -7.467934629454348e-06]"
0.05,BodyIndex(3),"[0.02499, -0.025, 0.0]","[7.500902568620756e-06, 2.466135899432583e-05, -3.205925846282588e-05]"
0.1,BodyIndex(3),"[0.00833, -0.025, 0.0]","[-3.244905989502831e-06, 6.97554900858882e-06, -7.309712813525586e-05]"
0.1,BodyIndex(3),"[0.02499, -0.025, 0.0]","[-4.684745410623837e-06, 1.0070760542919458e-05, -0.00010553200513950473]"
0.15000000000000002,BodyIndex(3),"[0.00833, -0.025, 0.0]","[1.6275915692464693e-05, -3.7978523405586865e-05, 7.095043913186625e-05]"
0.15000000000000002,BodyIndex(3),"[0.02499, -0.025, 0.0]","[2.275264553399896e-05, -5.3091444885774464e-05, 9.918398586915164e-05]"
0.2,BodyIndex(3),"[0.00833, -0.025, 0.0]","[5.664315128507596e-06, 1.348479607438685e-05, -2.1664115326914242e-05]"
0.2,BodyIndex(3),"[0.02499, -0.025, 0.0]","[-2.2195262134961786e-06, -5.2839324246138365e-06, 8.488947166496973e-06]"
0.25,BodyIndex(3),"[0.00833, -0.025, 0.0]","[9.879314788529849e-06, 1.9031436861976337e-05, -1.4940074274189093e-05]"
0.25,BodyIndex(3),"[0.02499, -0.025, 0.0]","[2.8864400351660393e-05, 5.560416128143021e-05, -4.365042458556063e-05]"
0.30000000000000004,BodyIndex(3),"[0.00833, -0.025, 0.0]","[-1.4405488238495015e-05, 4.249738606840796e-05, -2.2149139095033828e-05]"
0.30000000000000004,BodyIndex(3),"[0.02499, -0.025, 0.0]","[-5.386107115717927e-05, 0.00015889463079133887, -8.281401762419626e-05]"
0.35000000000000003,BodyIndex(3),"[0.00833, -0.025, 0.0]","[7.680174165147686e-06, -1.3223015863973042e-05, -5.793040853950836e-06]"
0.35000000000000003,BodyIndex(3),"[0.02499, -0.025, 0.0]","[3.1596700564945025e-05, -5.4400286222082034e-05, -2.3832920098792866e-05]"
0.4,BodyIndex(3),"[0.00833, -0.025, 0.0]","[-9.465948695154085e-06, -3.6719779788387994e-05, -1.8177706078544844e-05]"
0.4,BodyIndex(3),"[0.02499, -0.025, 0.0]","[-3.974963462012299e-05, -0.00015419456379126727, -7.633225132775608e-05]"
0.45,BodyIndex(3),"[0.00833, -0.025, 0.0]","[3.226336453922449e-06, 5.124183500841264e-06, -2.1354567935186717e-06]"
0.45,BodyIndex(3),"[0.02499, -0.025, 0.0]","[1.76865479218194e-05, 2.8090411010185285e-05, -1.170642288953619e-05]"
0.5,BodyIndex(3),"[0.00833, -0.025, 0.0]","[-1.0006703357182088e-05, 5.732567331565855e-05, -3.204579553528535e-05]"
0.5,BodyIndex(3),"[0.02499, -0.025, 0.0]","[-3.416619529609064e-05, 0.0001957288109851823, -0.00010941494612122392]"
0.55,BodyIndex(3),"[0.00833, -0.025, 0.0]","[4.661945218373627e-06, -7.018191341170414e-06, -2.2424216935411026e-06]"
0.55,BodyIndex(3),"[0.02499, -0.025, 0.0]","[1.5297304583591265e-05, -2.30288872011371e-05, -7.358088961611135e-06]"
0.6000000000000001,BodyIndex(3),"[0.00833, -0.025, 0.0]","[-2.679606213804492e-06, -2.974743505750966e-05, -1.8133324876671887e-05]"
0.6000000000000001,BodyIndex(3),"[0.02499, -0.025, 0.0]","[-1.2446543982804139e-05, -0.00013817431714834718, -8.422775871665457e-05]"
0.65,BodyIndex(3),"[0.00833, -0.025, 0.0]","[-6.0543909954894856e-09, -8.868250127253569e-09, 1.8564163903958813e-09]"
0.65,BodyIndex(3),"[0.02499, -0.025, 0.0]","[7.010468943771107e-07, 1.0268678079929482e-06, -2.1495720149679237e-07]"
0.7000000000000001,BodyIndex(3),"[0.00833, -0.025, 0.0]","[-3.1405647211176177e-07, 6.14374031486964e-05, -3.817992227785586e-05]"
0.7000000000000001,BodyIndex(3),"[0.02499, -0.025, 0.0]","[-1.0131824431884384e-06, 0.00019820415674540732, -0.00012317283791068212]"
0.75,BodyIndex(3),"[0.00833, -0.025, 0.0]","[8.304411458630469e-07, -1.2146270172365554e-06, -1.6513928561002843e-07]"
0.75,BodyIndex(3),"[0.02499, -0.025, 0.0]","[9.157381313186411e-07, -1.3393848324523781e-06, -1.8210121399351052e-07]"
0.8,BodyIndex(3),"[0.00833, -0.025, 0.0]","[2.001380516523625e-06, -2.5033709668180848e-05, -1.6620682743564375e-05]"
0.8,BodyIndex(3),"[0.02499, -0.025, 0.0]","[9.604758331334183e-06, -0.00012013843919961176, -7.976376293050008e-05]"
0.8500000000000001,BodyIndex(3),"[0.00833, -0.025, 0.0]","[-4.735241479322988e-06, -7.096825346481481e-06, 3.674461505946467e-08]"
0.8500000000000001,BodyIndex(3),"[0.02499, -0.025, 0.0]","[-1.0002756873251336e-05, -1.4991382978620823e-05, 7.76195791589459e-08]"
0.9,BodyIndex(3),"[0.00833, -0.025, 0.0]","[8.917715534054907e-06, 5.421967748635069e-05, -3.543119679638449e-05]"
0.9,BodyIndex(3),"[0.02499, -0.025, 0.0]","[2.8525292018207167e-05, 0.0001734336700385764, -0.00011333454530051295]"
0.9500000000000001,BodyIndex(3),"[0.00833, -0.025, 0.0]","[-5.24080713698752e-07, 8.261296719254257e-07, -4.736374860994173e-08]"
0.9500000000000001,BodyIndex(3),"[0.02499, -0.025, 0.0]","[-6.4101528928195745e-06, 1.0104583832063776e-05, -5.793170063901935e-07]"
1.0,BodyIndex(3),"[0.00833, -0.025, 0.0]","[5.425164981893273e-06, -2.1881111892146975e-05, -1.4717176131876147e-05]"
1.0,BodyIndex(3),"[0.02499, -0.025, 0.0]","[2.565593378930535e-05, -0.0001034771034272573, -6.95984173136041e-05]"
1.05,BodyIndex(3),"[0.00833, -0.025, 0.0]","[-1.2978096681918305e-05, -2.2101447982583162e-05, -4.1813296701337435e-06]"
1.05,BodyIndex(3),"[0.02499, -0.025, 0.0]","[-3.946628050181979e-05, -6.721031341924602e-05, -1.271538760086413e-05]"
1.1,BodyIndex(3),"[0.00833, -0.025, 0.0]","[1.3280473248214862e-05, 4.0323953412886705e-05, -2.576951858406639e-05]"
1.1,BodyIndex(3),"[0.02499, -0.025, 0.0]","[4.4583719605597424e-05, 0.00013537106688505776, -8.65105459308599e-05]"
1.1500000000000001,BodyIndex(3),"[0.00833, -0.025, 0.0]","[-5.902270390199797e-06, 1.1173997936464092e-05, -2.6526074710619553e-06]"
1.1500000000000001,BodyIndex(3),"[0.02499, -0.025, 0.0]","[-3.1751343809520026e-05, 6.01106738174238e-05, -1.4269737954607419e-05]"
1.2000000000000002,BodyIndex(3),"[0.00833, -0.025, 0.0]","[7.908077206925638e-06, -1.9407405541799844e-05, -1.2254839293904046e-05]"
1.2000000000000002,BodyIndex(3),"[0.02499, -0.025, 0.0]","[3.54233120658604e-05, -8.693321586362566e-05, -5.489412726582316e-05]"
1.25,BodyIndex(3),"[0.00833, -0.025, 0.0]","[-1.5089697185100059e-05, -3.279350488108631e-05, -1.177913262375438e-05]"
1.25,BodyIndex(3),"[0.02499, -0.025, 0.0]","[-5.5474289548035455e-05, -0.00012055883976681886, -4.330365319988547e-05]"
1.3,BodyIndex(3),"[0.00833, -0.025, 0.0]","[1.1559785405969174e-05, 2.4056271182453e-05, -1.3671098088350354e-05]"
1.3,BodyIndex(3),"[0.02499, -0.025, 0.0]","[4.3359835815607144e-05, 9.023316023394916e-05, -5.127920179416458e-05]"
1.35,BodyIndex(3),"[0.00833, -0.025, 0.0]","[-1.2516907922147176e-05, 3.247174926404806e-05, -1.2716692470852865e-05]"
1.35,BodyIndex(3),"[0.02499, -0.025, 0.0]","[-5.1621791341866444e-05, 0.00013391884604728696, -5.244573574976338e-05]"
1.4000000000000001,BodyIndex(3),"[0.00833, -0.025, 0.0]","[8.603393789654922e-06, -1.5748223943295137e-05, -8.411933479584226e-06]"
1.4000000000000001,BodyIndex(3),"[0.02499, -0.025, 0.0]","[3.527563193323328e-05, -6.457086180267622e-05, -3.449060644294389e-05]"
1.4500000000000002,BodyIndex(3),"[0.00833, -0.025, 0.0]","[-1.0522736715499197e-05, -3.43593328396676e-05, -1.7008077698713373e-05]"
1.4500000000000002,BodyIndex(3),"[0.02499, -0.025, 0.0]","[-4.4237413508465516e-05, -0.0001444460747995886, -7.150168121510398e-05]"
1.5,BodyIndex(3),"[0.00833, -0.025, 0.0]","[5.509830162218744e-06, 9.149248812817383e-06, -4.014186127883497e-06]"
1.5,BodyIndex(3),"[0.02499, -0.025, 0.0]","[2.5428382464704416e-05, 4.222464054742798e-05, -1.8525845105764265e-05]"
1.55,BodyIndex(3),"[0.00833, -0.025, 0.0]","[-1.190026733144744e-05, 5.3082210685305354e-05, -2.7265482816741605e-05]"
1.55,BodyIndex(3),"[0.02499, -0.025, 0.0]","[-4.2283369047113996e-05, 0.0001886087632932549, -9.687819946207924e-05]"
1.6,BodyIndex(3),"[0.00833, -0.025, 0.0]","[6.113544468580442e-06, -9.47058779365608e-06, -3.627773879936576e-06]"
1.6,BodyIndex(3),"[0.02499, -0.025, 0.0]","[2.1495498668991408e-05, -3.329901473021761e-05, -1.275541692848527e-05]"
1.6500000000000001,BodyIndex(3),"[0.00833, -0.025, 0.0]","[-4.302747297524757e-06, -3.066262434958922e-05, -1.8200785787033754e-05]"
1.6500000000000001,BodyIndex(3),"[0.02499, -0.025, 0.0]","[-1.9736306189699696e-05, -0.0001406466382748922, -8.348533073106084e-05]"
1.7000000000000002,BodyIndex(3),"[0.00833, -0.025, 0.0]","[3.2205566798333084e-07, 4.77963527240609e-07, -1.254140741629229e-07]"
1.7000000000000002,BodyIndex(3),"[0.02499, -0.025, 0.0]","[3.926653190639409e-06, 5.827554661592677e-06, -1.5291069942865204e-06]"
1.75,BodyIndex(3),"[0.00833, -0.025, 0.0]","[-3.4282186346516713e-06, 6.163996248867216e-05, -3.699246137522481e-05]"
1.75,BodyIndex(3),"[0.02499, -0.025, 0.0]","[-1.1222276564636932e-05, 0.0002017784687037647, -0.00012109485321714409]"
1.8,BodyIndex(3),"[0.00833, -0.025, 0.0]","[1.8288321272309763e-06, -2.6688955999706174e-06, -5.237225139544194e-07]"
1.8,BodyIndex(3),"[0.02499, -0.025, 0.0]","[3.816779565058585e-06, -5.569995209273841e-06, -1.0930108670219558e-06]"
1.85,BodyIndex(3),"[0.00833, -0.025, 0.0]","[7.70579466148405e-07, -2.6135178854337725e-05, -1.710533709822296e-05]"
1.85,BodyIndex(3),"[0.02499, -0.025, 0.0]","[3.6858296735229983e-06, -0.00012500958301631766, -8.181811457729882e-05]"
1.9000000000000001,BodyIndex(3),"[0.00833, -0.025, 0.0]","[-2.4884551297613074e-06, -3.6644456031142914e-06, 2.343824079053495e-07]"
1.9000000000000001,BodyIndex(3),"[0.02499, -0.025, 0.0]","[-3.985184124449161e-06, -5.868496589624812e-06, 3.7535619584354773e-07]"
1.9500000000000002,BodyIndex(3),"[0.00833, -0.025, 0.0]","[6.555629334534283e-06, 5.732664795259813e-05, -3.711057833717526e-05]"
1.9500000000000002,BodyIndex(3),"[0.02499, -0.025, 0.0]","[2.0909467473406873e-05, 0.00018284585957443426, -0.00011836581830104475]"
2.0,BodyIndex(3),"[0.00833, -0.025, 0.0]","[-4.2586099229768695e-08, 6.494171220491886e-08, 2.2332018378316583e-12]"
2.0,BodyIndex(3),"[0.02499, -0.025, 0.0]","[-2.195938648028483e-06, 3.3486987134111114e-06, 1.1515434175090592e-10]"
2.0500000000000003,BodyIndex(3),"[0.00833, -0.025, 0.0]","[4.501388227531728e-06, -2.2668700418225356e-05, -1.5307039338138606e-05]"
2.0500000000000003,BodyIndex(3),"[0.02499, -0.025, 0.0]","[2.1479995604352377e-05, -0.0001081718707046202, -7.304305273823412e-05]"
2.1,BodyIndex(3),"[0.00833, -0.025, 0.0]","[-1.082987335932538e-05, -1.755760504250989e-05, -2.34645575124522e-06]"
2.1,BodyIndex(3),"[0.02499, -0.025, 0.0]","[-3.0572434291426705e-05, -4.956463558410372e-05, -6.623979975805869e-06]"
2.15,BodyIndex(3),"[0.00833, -0.025, 0.0]","[1.2623939365979882e-05, 4.4876854486270303e-05, -2.9110906807853925e-05]"
2.15,BodyIndex(3),"[0.02499, -0.025, 0.0]","[4.151616434668861e-05, 0.00014758585352804497, -9.573661250092588e-05]"
2.2,BodyIndex(3),"[0.00833, -0.025, 0.0]","[-3.800657190621554e-06, 6.73277650834525e-06, -1.25294676009164e-06]"
2.2,BodyIndex(3),"[0.02499, -0.025, 0.0]","[-2.326168045518717e-05, 4.120753013446743e-05, -7.668580905568953e-06]"
2.25,BodyIndex(3),"[0.00833, -0.025, 0.0]","[7.291542616293906e-06, -2.0165746658903892e-05, -1.3095263447721308e-05]"
2.25,BodyIndex(3),"[0.02499, -0.025, 0.0]","[3.33117468681231e-05, -9.212813851035833e-05, -5.982631167334507e-05]"
2.3000000000000003,BodyIndex(3),"[0.00833, -0.025, 0.0]","[-1.5339717540052596e-05, -3.058667773465397e-05, -9.544222767890765e-06]"
2.3000000000000003,BodyIndex(3),"[0.02499, -0.025, 0.0]","[-5.3676118336668066e-05, -0.00010702766392693223, -3.33967577553628e-05]"
2.35,BodyIndex(3),"[0.00833, -0.025, 0.0]","[1.2663349634464663e-05, 2.892011257831444e-05, -1.722259081637442e-05]"
2.35,BodyIndex(3),"[0.02499, -0.025, 0.0]","[4.563386647092007e-05, 0.00010421701949466614, -6.206362710374216e-05]"
2.4000000000000004,BodyIndex(3),"[0.00833, -0.025, 0.0]","[-1.0988667650637843e-05, 2.552665467886186e-05, -8.908222274654176e-06]"
2.4000000000000004,BodyIndex(3),"[0.02499, -0.025, 0.0]","[-4.822633822373582e-05, 0.00011202969471843504, -3.909581707703686e-05]"
2.45,BodyIndex(3),"[0.00833, -0.025, 0.0]","[8.683067486357795e-06, -1.7083476771932798e-05, -9.721322062783742e-06]"
2.45,BodyIndex(3),"[0.02499, -0.025, 0.0]","[3.669518714808932e-05, -7.219584303254827e-05, -4.1082916029520755e-05]"
2.5,BodyIndex(3),"[0.00833, -0.025, 0.0]","[-1.2269922166850643e-05, -3.468772219521862e-05, -1.5905688259967032e-05]"
2.5,BodyIndex(3),"[0.02499, -0.025, 0.0]","[-4.981917096176555e-05, -0.00014084144453553496, -6.458135527776004e-05]"
2.5500000000000003,BodyIndex(3),"[0.00833, -0.025, 0.0]","[7.518159696071962e-06, 1.3181275601229153e-05, -6.365881948377674e-06]"
2.5500000000000003,BodyIndex(3),"[0.02499, -0.025, 0.0]","[3.2068122175142045e-05, 5.6223700146364835e-05, -2.715317156401522e-05]"
2.6,BodyIndex(3),"[0.00833, -0.025, 0.0]","[-1.3086537908406942e-05, 4.7900038675992624e-05, -2.3039748862647732e-05]"
2.6,BodyIndex(3),"[0.02499, -0.025, 0.0]","[-4.821278760267779e-05, 0.0001764709969137141, -8.488192416577e-05]"
2.6500000000000004,BodyIndex(3),"[0.00833, -0.025, 0.0]","[7.191887893132294e-06, -1.1572285606844292e-05, -5.008056706409234e-06]"
2.6500000000000004,BodyIndex(3),"[0.02499, -0.025, 0.0]","[2.6813685184676584e-05, -4.314522525099363e-05, -1.8671655886196017e-05]"
2.7,BodyIndex(3),"[0.00833, -0.025, 0.0]","[-6.088721152454698e-06, -3.2002675299932e-05, -1.8184704692219255e-05]"
2.7,BodyIndex(3),"[0.02499, -0.025, 0.0]","[-2.7344540582950536e-05, -0.0001437245082490235, -8.166778917850274e-05]"
2.75,BodyIndex(3),"[0.00833, -0.025, 0.0]","[1.3436410679473436e-06, 2.0390400470906266e-06, -6.489915797482579e-07]"
2.75,BodyIndex(3),"[0.02499, -0.025, 0.0]","[9.192309538521462e-06, 1.394977254076679e-05, -4.439974060969843e-06]"
2.8000000000000003,BodyIndex(3),"[0.00833, -0.025, 0.0]","[-6.422617453503679e-06, 6.058635235037977e-05, -3.503995873695134e-05]"
2.8000000000000003,BodyIndex(3),"[0.02499, -0.025, 0.0]","[-2.141332475147246e-05, 0.00020199790004277513, -0.00011682495822683893]"
2.85,BodyIndex(3),"[0.00833, -0.025, 0.0]","[3.039181368892253e-06, -4.4657906391992816e-06, -1.1335449517764028e-06]"
2.85,BodyIndex(3),"[0.02499, -0.025, 0.0]","[8.216429896648675e-06, -1.207326949805069e-05, -3.064539920618674e-06]"
2.9000000000000004,BodyIndex(3),"[0.00833, -0.025, 0.0]","[-5.765415967396347e-07, -2.740592018479346e-05, -1.7551158743355404e-05]"
2.9000000000000004,BodyIndex(3),"[0.02499, -0.025, 0.0]","[-2.7364131726661674e-06, -0.00013007547317799787, -8.3302266917892e-05]"
2.95,BodyIndex(3),"[0.00833, -0.025, 0.0]","[-8.908968556401829e-07, -1.3008422163869398e-06, 1.6086874019496755e-07]"
2.95,BodyIndex(3),"[0.02499, -0.025, 0.0]","[-6.280433127135822e-07, -9.170368597947974e-07, 1.134054249540569e-07]"
3.0,BodyIndex(3),"[0.00833, -0.025, 0.0]","[3.82005596900268e-06, 5.96965190650958e-05, -3.807218302794474e-05]"
3.0,BodyIndex(3),"[0.02499, -0.025, 0.0]","[1.2207836598414813e-05, 0.00019077347456537564, -0.00012166810987102714]"
3.0500000000000003,BodyIndex(3),"[0.00833, -0.025, 0.0]","[8.341774358624959e-08, -1.2420592242425287e-07, -7.198744465229266e-09]"
3.0500000000000003,BodyIndex(3),"[0.02499, -0.025, 0.0]","[-1.8582134580227706e-07, 2.766810832952376e-07, 1.6035921461151772e-08]"
3.1,BodyIndex(3),"[0.00833, -0.025, 0.0]","[3.504062796000556e-06, -2.3563808958708852e-05, -1.5872403442699394e-05]"
3.1,BodyIndex(3),"[0.02499, -0.025, 0.0]","[1.6808404946467362e-05, -0.00011303166242090114, -7.61372726662036e-05]"
3.1500000000000004,BodyIndex(3),"[0.00833, -0.025, 0.0]","[-8.285225777329083e-06, -1.2910998710797049e-05, -9.839825612520467e-07]"
3.1500000000000004,BodyIndex(3),"[0.02499, -0.025, 0.0]","[-2.1308824527439953e-05, -3.32058791632674e-05, -2.5307109666406842e-06]"
3.2,BodyIndex(3),"[0.00833, -0.025, 0.0]","[1.1415611421725002e-05, 4.9122680970037e-05, -3.210604505842907e-05]"
3.2,BodyIndex(3),"[0.02499, -0.025, 0.0]","[3.6975888234371563e-05, 0.00015911147412254082, -0.00010399351290715024]"
3.25,BodyIndex(3),"[0.00833, -0.025, 0.0]","[-2.0676888723363847e-06, 3.4633505948947153e-06, -4.598546634858991e-07]"
3.25,BodyIndex(3),"[0.02499, -0.025, 0.0]","[-1.5231915030651517e-05, 2.5513249448977267e-05, -3.3875827521146185e-06]"
3.3000000000000003,BodyIndex(3),"[0.00833, -0.025, 0.0]","[6.560996191310664e-06, -2.087510176484665e-05, -1.3828241806535146e-05]"
3.3000000000000003,BodyIndex(3),"[0.02499, -0.025, 0.0]","[3.0482624661532702e-05, -9.69864748148867e-05, -6.42465095888617e-05]"
3.35,BodyIndex(3),"[0.00833, -0.025, 0.0]","[-1.4856691508633922e-05, -2.750941918946506e-05, -7.207189055830609e-06]"
3.35,BodyIndex(3),"[0.02499, -0.025, 0.0]","[-4.922625527456957e-05, -9.114988291227349e-05, -2.388034563874605e-05]"
3.4000000000000004,BodyIndex(3),"[0.00833, -0.025, 0.0]","[1.328715909863841e-05, 3.3797359190584037e-05, -2.0868001398978224e-05]"
3.4000000000000004,BodyIndex(3),"[0.02499, -0.025, 0.0]","[4.62874000462869e-05, 0.00011773712301848814, -7.269616640775846e-05]"
3.45,BodyIndex(3),"[0.00833, -0.025, 0.0]","[-8.967534878942474e-06, 1.8939460116566605e-05, -5.749950086909859e-06]"
3.45,BodyIndex(3),"[0.02499, -0.025, 0.0]","[-4.238336907390856e-05, 8.951380050563873e-05, -2.71760589704885e-05]"
3.5,BodyIndex(3),"[0.00833, -0.025, 0.0]","[8.500210467595114e-06, -1.8189459056452053e-05, -1.089363083627297e-05]"
3.5,BodyIndex(3),"[0.02499, -0.025, 0.0]","[3.689053901844434e-05, -7.894145110930241e-05, -4.7277877994914445e-05]"
3.5500000000000003,BodyIndex(3),"[0.00833, -0.025, 0.0]","[-1.375954775580729e-05, -3.4410564773377944e-05, -1.4410937816256951e-05]"
3.5500000000000003,BodyIndex(3),"[0.02499, -0.025, 0.0]","[-5.37293639450514e-05, -0.00013436907891709366, -5.627296306976227e-05]"
3.6,BodyIndex(3),"[0.00833, -0.025, 0.0]","[9.412595125868967e-06, 1.760531312336787e-05, -9.197902351149385e-06]"
3.6,BodyIndex(3),"[0.02499, -0.025, 0.0]","[3.775627049692986e-05, 7.061930908322804e-05, -3.689508414315044e-05]"
3.6500000000000004,BodyIndex(3),"[0.00833, -0.025, 0.0]","[-1.3427143337225402e-05, 4.1777770578075385e-05, -1.8603227191695285e-05]"
3.6500000000000004,BodyIndex(3),"[0.02499, -0.025, 0.0]","[-5.16189581398543e-05, 0.00016060936689842, -7.151775932949498e-05]"
3.7,BodyIndex(3),"[0.00833, -0.025, 0.0]","[7.998562562564988e-06, -1.349729458945591e-05, -6.459884835660356e-06]"
3.7,BodyIndex(3),"[0.02499, -0.025, 0.0]","[3.1210858148625844e-05, -5.266723158400011e-05, -2.520684781611551e-05]"
3.75,BodyIndex(3),"[0.00833, -0.025, 0.0]","[-7.955688298499353e-06, -3.318829682570488e-05, -1.7907365708818053e-05]"
3.75,BodyIndex(3),"[0.02499, -0.025, 0.0]","[-3.484472001663845e-05, -0.00014535975610544102, -7.84315725990692e-05]"
3.8000000000000003,BodyIndex(3),"[0.00833, -0.025, 0.0]","[2.8936304430172686e-06, 4.531981600747027e-06, -1.6836957830193286e-06]"
3.8000000000000003,BodyIndex(3),"[0.02499, -0.025, 0.0]","[1.575373014407162e-05, 2.4673370204669335e-05, -9.16650883128671e-06]"
3.85,BodyIndex(3),"[0.00833, -0.025, 0.0]","[-9.102093290203608e-06, 5.828315764750395e-05, -3.224408573047129e-05]"
3.85,BodyIndex(3),"[0.02499, -0.025, 0.0]","[-3.106164343474985e-05, 0.0001988960784489592, -0.00011003559971389844]"
3.9000000000000004,BodyIndex(3),"[0.00833, -0.025, 0.0]","[4.363502894398305e-06, -6.515205807508154e-06, -2.0195271330519743e-06]"
3.9000000000000004,BodyIndex(3),"[0.02499, -0.025, 0.0]","[1.362220990379149e-05, -2.0339507781744142e-05, -6.304664664747455e-06]"
3.95,BodyIndex(3),"[0.00833, -0.025, 0.0]","[-2.0570485008252673e-06, -2.876331016782212e-05, -1.7917402297518897e-05]"
3.95,BodyIndex(3),"[0.02499, -0.025, 0.0]","[-9.649072633605494e-06, -0.00013492111094166864, -8.404581423575065e-05]"
4.0,BodyIndex(3),"[0.00833, -0.025, 0.0]","[-8.782894519622769e-08, -1.283237667295027e-07, 2.347722918931333e-08]"
4.0,BodyIndex(3),"[0.02499, -0.025, 0.0]","[1.6868805715576055e-07, 2.4646415652773407e-07, -4.5091378138466763e-08]"
4.05,BodyIndex(3),"[0.00833, -0.025, 0.0]","[8.261497944930961e-07, 6.120979355520695e-05, -3.8216474530213885e-05]"
4.05,BodyIndex(3),"[0.02499, -0.025, 0.0]","[2.658324771965538e-06, 0.00019695642555299695, -0.0001229701945313582]"
4.1000000000000005,BodyIndex(3),"[0.00833, -0.025, 0.0]","[5.745530864084935e-07, -8.429870409950281e-07, -9.809253249044317e-08]"
4.1000000000000005,BodyIndex(3),"[0.02499, -0.025, 0.0]","[3.620638860015245e-07, -5.312218681470726e-07, -6.181459005507768e-08]"
4.15,BodyIndex(3),"[0.00833, -0.025, 0.0]","[2.4197196872657285e-06, -2.4566191196593458e-05, -1.6411424761952173e-05]"
4.15,BodyIndex(3),"[0.02499, -0.025, 0.0]","[1.1624348165922094e-05, -0.00011801613264654668, -7.884058485606601e-05]"
4.2,BodyIndex(3),"[0.00833, -0.025, 0.0]","[-5.646552713419938e-06, -8.537367462233493e-06, -1.4949485163601326e-07]"
4.2,BodyIndex(3),"[0.02499, -0.025, 0.0]","[-1.2757537393154062e-05, -1.9288898938229118e-05, -3.3776115386255475e-07]"
4.25,BodyIndex(3),"[0.00833, -0.025, 0.0]","[9.683453978074546e-06, 5.2960419443749354e-05, -3.463119203448646e-05]"
4.25,BodyIndex(3),"[0.02499, -0.025, 0.0]","[3.105245865220052e-05, 0.00016983105808153232, -0.00011105372743674004]"
4.3,BodyIndex(3),"[0.00833, -0.025, 0.0]","[-8.353937293431323e-07, 1.3361962669887748e-06, -1.0377066263471578e-07]"
4.3,BodyIndex(3),"[0.02499, -0.025, 0.0]","[-8.452825412566672e-06, 1.3520132322109214e-05, -1.0499902781019353e-06]"
4.3500000000000005,BodyIndex(3),"[0.00833, -0.025, 0.0]","[5.743801901600451e-06, -2.1596891452845872e-05, -1.4488022021328194e-05]"
4.3500000000000005,BodyIndex(3),"[0.02499, -0.025, 0.0]","[2.7050950644552942e-05, -0.00010171249892930938, -6.823264021813535e-05]"
4.4,BodyIndex(3),"[0.00833, -0.025, 0.0]","[-1.3611618335301798e-05, -2.3663314440505172e-05, -4.953423191912548e-06]"
4.4,BodyIndex(3),"[0.02499, -0.025, 0.0]","[-4.2433125114867893e-05, -7.376847907072564e-05, -1.5441898301261257e-05]"
4.45,BodyIndex(3),"[0.00833, -0.025, 0.0]","[1.338452332697755e-05, 3.859825734640246e-05, -2.447567076062169e-05]"
4.45,BodyIndex(3),"[0.02499, -0.025, 0.0]","[4.5337106742124644e-05, 0.00013074304333623283, -8.290591086070329e-05]"
4.5,BodyIndex(3),"[0.00833, -0.025, 0.0]","[-6.7253502834697604e-06, 1.3083979326684704e-05, -3.3444793342845947e-06]"
4.5,BodyIndex(3),"[0.02499, -0.025, 0.0]","[-3.480030346609565e-05, 6.770300905097782e-05, -1.730599758577062e-05]"
4.55,BodyIndex(3),"[0.00833, -0.025, 0.0]","[8.099059382025474e-06, -1.9103517302668895e-05, -1.1913955030272807e-05]"
4.55,BodyIndex(3),"[0.02499, -0.025, 0.0]","[3.5990630029274715e-05, -8.489228082758631e-05, -5.2943277417078246e-05]"
4.6000000000000005,BodyIndex(3),"[0.00833, -0.025, 0.0]","[-1.4830474818257624e-05, -3.337983090406801e-05, -1.2545209683812772e-05]"
4.6000000000000005,BodyIndex(3),"[0.02499, -0.025, 0.0]","[-5.546063902926108e-05, -0.0001248285557485467, -4.6914569785977594e-05]"
4.65,BodyIndex(3),"[0.00833, -0.025, 0.0]","[1.1046801867115572e-05, 2.228867587768137e-05, -1.2412652227508075e-05]"
4.65,BodyIndex(3),"[0.02499, -0.025, 0.0]","[4.212517181045174e-05, 8.499421932874393e-05, -4.733361872486399e-05]"
4.7,BodyIndex(3),"[0.00833, -0.025, 0.0]","[-1.2909265392334105e-05, 3.5034316423634545e-05, -1.424487359396476e-05]"
4.7,BodyIndex(3),"[0.02499, -0.025, 0.0]","[-5.216332073483335e-05, 0.0001415654747803786, -5.75602009507367e-05]"
4.75,BodyIndex(3),"[0.00833, -0.025, 0.0]","[8.499133829200049e-06, -1.5191341308061651e-05, -7.900559640485704e-06]"
4.75,BodyIndex(3),"[0.02499, -0.025, 0.0]","[3.442355301895361e-05, -6.15286161456173e-05, -3.199918240248047e-05]"
4.800000000000001,BodyIndex(3),"[0.00833, -0.025, 0.0]","[-9.841782235533561e-06, -3.411345502057054e-05, -1.7316413809823804e-05]"
4.800000000000001,BodyIndex(3),"[0.02499, -0.025, 0.0]","[-4.186497337673227e-05, -0.0001451118153242814, -7.366056124584127e-05]"
4.8500000000000005,BodyIndex(3),"[0.00833, -0.025, 0.0]","[4.774650830358411e-06, 7.790790515571251e-06, -3.2827476585176945e-06]"
4.8500000000000005,BodyIndex(3),"[0.02499, -0.025, 0.0]","[2.2838035115817925e-05, 3.7264787247540236e-05, -1.5701987216512003e-05]"
4.9,BodyIndex(3),"[0.00833, -0.025, 0.0]","[-1.1268173575948687e-05, 5.470824937140504e-05, -2.871546192918084e-05]"
4.9,BodyIndex(3),"[0.02499, -0.025, 0.0]","[-3.9565230635712214e-05, 0.00019209364228075105, -0.00010082679915972102]"
4.95,BodyIndex(3),"[0.00833, -0.025, 0.0]","[5.6649183543474775e-06, -8.674253040990796e-06, -3.156598828154486e-06]"
4.95,BodyIndex(3),"[0.02499, -0.025, 0.0]","[1.9397958002865446e-05, -2.970259863784903e-05, -1.0808906266661993e-05]"
5.0,BodyIndex(3),"[0.00833, -0.025, 0.0]","[-3.673990237766893e-06, -3.0152137972669926e-05, -1.8154353711430482e-05]"
5.0,BodyIndex(3),"[0.02499, -0.025, 0.0]","[-1.6966676171852284e-05, -0.00013924412634864494, -8.383774060279601e-05]"
5.050000000000001,BodyIndex(3),"[0.00833, -0.025, 0.0]","[1.1563388914935595e-07, 1.706041413570057e-07, -4.116433992552629e-08]"
5.050000000000001,BodyIndex(3),"[0.02499, -0.025, 0.0]","[2.470912545629492e-06, 3.6455395240653857e-06, -8.796165613971863e-07]"
5.1000000000000005,BodyIndex(3),"[0.00833, -0.025, 0.0]","[-2.285371337283738e-06, 6.172767908438977e-05, -3.7487402497892846e-05]"
5.1000000000000005,BodyIndex(3),"[0.02499, -0.025, 0.0]","[-7.439976490910965e-06, 0.0002009531115289989, -0.00012203942035132497]"
5.15,BodyIndex(3),"[0.00833, -0.025, 0.0]","[1.4358442914072165e-06, -2.0949026936304085e-06, -3.661877956011069e-07]"
5.15,BodyIndex(3),"[0.02499, -0.025, 0.0]","[2.5568202605652535e-06, -3.730411217317622e-06, -6.520737524032143e-07]"
5.2,BodyIndex(3),"[0.00833, -0.025, 0.0]","[1.235343535327798e-06, -2.5692081583834012e-05, -1.6926006562914017e-05]"
5.2,BodyIndex(3),"[0.02499, -0.025, 0.0]","[5.920013150506797e-06, -0.00012312159046498093, -8.111280673956554e-05]"
5.25,BodyIndex(3),"[0.00833, -0.025, 0.0]","[-3.2486397510114853e-06, -4.809868574537725e-06, 2.0183838841115148e-07]"
5.25,BodyIndex(3),"[0.02499, -0.025, 0.0]","[-5.914922136786204e-06, -8.757510923674255e-06, 3.6749484189333585e-07]"
5.300000000000001,BodyIndex(3),"[0.00833, -0.025, 0.0]","[7.475140429880938e-06, 5.626739877820483e-05, -3.656717115554745e-05]"
5.300000000000001,BodyIndex(3),"[0.02499, -0.025, 0.0]","[2.3854893594829943e-05, 0.00017956222004157312, -0.00011669425948074301]"
5.3500000000000005,BodyIndex(3),"[0.00833, -0.025, 0.0]","[-1.5538787590382043e-07, 2.3960913589969055e-07, -5.053715512848703e-09]"
5.3500000000000005,BodyIndex(3),"[0.02499, -0.025, 0.0]","[-3.4937032858703417e-06, 5.38731365332165e-06, -1.1362651294636386e-07]"
5.4,BodyIndex(3),"[0.00833, -0.025, 0.0]","[4.849217183924009e-06, -2.2364888727345668e-05, -1.5092742768090717e-05]"
5.4,BodyIndex(3),"[0.02499, -0.025, 0.0]","[2.3073525339310333e-05, -0.00010641652192275845, -7.181422681040536e-05]"
5.45,BodyIndex(3),"[0.00833, -0.025, 0.0]","[-1.1679675498836906e-05, -1.9259657650618987e-05, -2.9733325965284372e-06]"
5.45,BodyIndex(3),"[0.02499, -0.025, 0.0]","[-3.394559316595923e-05, -5.597591330244333e-05, -8.641638946124023e-06]"
5.5,BodyIndex(3),"[0.00833, -0.025, 0.0]","[1.293108238845047e-05, 4.32316669468518e-05, -2.7913600087558202e-05]"
5.5,BodyIndex(3),"[0.02499, -0.025, 0.0]","[4.282267536886968e-05, 0.00014316633238479958, -9.243890024191502e-05]"
5.550000000000001,BodyIndex(3),"[0.00833, -0.025, 0.0]","[-4.5410880019348216e-06, 8.23340740954377e-06, -1.6896736325937186e-06]"
5.550000000000001,BodyIndex(3),"[0.02499, -0.025, 0.0]","[-2.6381368723982754e-05, 4.7831831630085085e-05, -9.816128448876964e-06]"
5.6000000000000005,BodyIndex(3),"[0.00833, -0.025, 0.0]","[7.533700888403681e-06, -1.9895416015713118e-05, -1.2800031025718691e-05]"
5.6000000000000005,BodyIndex(3),"[0.02499, -0.025, 0.0]","[3.4180082182647014e-05, -9.026466069574966e-05, -5.8073199199205245e-05]"
5.65,BodyIndex(3),"[0.00833, -0.025, 0.0]","[-1.532857902412704e-05, -3.1502721948859945e-05, -1.0388330334181444e-05]"
5.65,BodyIndex(3),"[0.02499, -0.025, 0.0]","[-5.465232897881537e-05, -0.0001123194211914429, -3.703842646279631e-05]"
5.7,BodyIndex(3),"[0.00833, -0.025, 0.0]","[1.2309561610732673e-05, 2.7122508006820423e-05, -1.589670973237897e-05]"
5.7,BodyIndex(3),"[0.02499, -0.025, 0.0]","[4.498429432329857e-05, 9.911700526370018e-05, -5.809323613522391e-05]"
5.75,BodyIndex(3),"[0.00833, -0.025, 0.0]","[-1.1621891144067274e-05, 2.806467410823994e-05, -1.0243765347415984e-05]"
5.75,BodyIndex(3),"[0.02499, -0.025, 0.0]","[-4.979020016541099e-05, 0.00012023393818652386, -4.3886069897987876e-05]"
5.800000000000001,BodyIndex(3),"[0.00833, -0.025, 0.0]","[8.686402024952509e-06, -1.6619911834681465e-05, -9.253607597341732e-06]"
5.800000000000001,BodyIndex(3),"[0.02499, -0.025, 0.0]","[3.631998135139558e-05, -6.949193534486101e-05, -3.86916072273804e-05]"
5.8500000000000005,BodyIndex(3),"[0.00833, -0.025, 0.0]","[-1.1648415188014234e-05, -3.462889468103415e-05, -1.6357137932862136e-05]"
5.8500000000000005,BodyIndex(3),"[0.02499, -0.025, 0.0]","[-4.792919334401245e-05, -0.00014248590573630418, -6.730395627943609e-05]"
5.9,BodyIndex(3),"[0.00833, -0.025, 0.0]","[6.783089608447403e-06, 1.1643229039571302e-05, -5.439627706637731e-06]"
5.9,BodyIndex(3),"[0.02499, -0.025, 0.0]","[2.9709324207308806e-05, 5.0996299079668696e-05, -2.3825081553146512e-05]"
5.95,BodyIndex(3),"[0.00833, -0.025, 0.0]","[-1.2744329237091658e-05, 4.993191895307025e-05, -2.4635451814318035e-05]"
5.95,BodyIndex(3),"[0.02499, -0.025, 0.0]","[-4.629744808226943e-05, 0.00018139208289203026, -8.949537713111708e-05]"
6.0,BodyIndex(3),"[0.00833, -0.025, 0.0]","[6.822673714494406e-06, -1.0813787986253633e-05, -4.4863461324068305e-06]"
6.0,BodyIndex(3),"[0.02499, -0.025, 0.0]","[2.4940620646591678e-05, -3.953033593631389e-05, -1.640005980939018e-05]"
6.050000000000001,BodyIndex(3),"[0.00833, -0.025, 0.0]","[-5.41891232848152e-06, -3.152138099201746e-05, -1.8217712019041863e-05]"
6.050000000000001,BodyIndex(3),"[0.02499, -0.025, 0.0]","[-2.4537747145931707e-05, -0.00014273411887611058, -8.249286646531038e-05]"
6.1000000000000005,BodyIndex(3),"[0.00833, -0.025, 0.0]","[8.955257301690954e-07, 1.3464493073018059e-06, -4.011967414470086e-07]"
6.1000000000000005,BodyIndex(3),"[0.02499, -0.025, 0.0]","[7.0588348409583486e-06, 1.0613166056291406e-05, -3.162367580516487e-06]"
6.15,BodyIndex(3),"[0.00833, -0.025, 0.0]","[-5.345765015250812e-06, 6.111644525417345e-05, -3.586098810195378e-05]"
6.15,BodyIndex(3),"[0.02499, -0.025, 0.0]","[-1.7693109044187815e-05, 0.00020227973492854538, -0.00011869065907499883]"
6.2,BodyIndex(3),"[0.00833, -0.025, 0.0]","[2.573735629905596e-06, -3.7683069694409753e-06, -8.770582825545714e-07]"
6.2,BodyIndex(3),"[0.02499, -0.025, 0.0]","[6.4497250328710874e-06, -9.443294606461785e-06, -2.1978888175420843e-06]"
6.25,BodyIndex(3),"[0.00833, -0.025, 0.0]","[-6.54314893838417e-08, -2.692649196654668e-05, -1.7394562394096157e-05]"
6.25,BodyIndex(3),"[0.02499, -0.025, 0.0]","[-3.115862773254556e-07, -0.0001282245822660726, -8.283331150062789e-05]"
6.300000000000001,BodyIndex(3),"[0.00833, -0.025, 0.0]","[-1.392647308856398e-06, -2.037672248425301e-06, 2.072300660332989e-07]"
6.300000000000001,BodyIndex(3),"[0.02499, -0.025, 0.0]","[-1.5319839206580078e-06, -2.2415446468797945e-06, 2.2796376873094377e-07]"
6.3500000000000005,BodyIndex(3),"[0.00833, -0.025, 0.0]","[4.864140986518679e-06, 5.8915600505981435e-05, -3.7809043317451144e-05]"
6.3500000000000005,BodyIndex(3),"[0.02499, -0.025, 0.0]","[1.552440848140879e-05, 0.00018803522568883454, -0.00012067146786620734]"
6.4,BodyIndex(3),"[0.00833, -0.025, 0.0]","[1.192997693303404e-08, -1.7901070256215828e-08, -6.541992235423278e-10]"
6.4,BodyIndex(3),"[0.02499, -0.025, 0.0]","[-6.676036536210917e-07, 1.001747109307964e-06, 3.660910614366677e-08]"
6.45,BodyIndex(3),"[0.00833, -0.025, 0.0]","[3.880895061970349e-06, -2.322225818137882e-05, -1.5667250164455517e-05]"
6.45,BodyIndex(3),"[0.02499, -0.025, 0.0]","[1.8588217410941462e-05, -0.00011122701772547479, -7.504100153139688e-05]"
6.5,BodyIndex(3),"[0.00833, -0.025, 0.0]","[-9.2510849468983e-06, -1.4611667398955026e-05, -1.425210044749006e-06]"
6.5,BodyIndex(3),"[0.02499, -0.025, 0.0]","[-2.469580801231694e-05, -3.900590416104744e-05, -3.8046038755862715e-06]"
6.550000000000001,BodyIndex(3),"[0.00833, -0.025, 0.0]","[1.1923444558624795e-05, 4.760032964184419e-05, -3.105106079778764e-05]"
6.550000000000001,BodyIndex(3),"[0.02499, -0.025, 0.0]","[3.881406781863162e-05, 0.00015495207058863973, -0.00010107968160710668]"
6.6000000000000005,BodyIndex(3),"[0.00833, -0.025, 0.0]","[-2.6529912886842802e-06, 4.5310238279430675e-06, -6.916255249571175e-07]"
6.6000000000000005,BodyIndex(3),"[0.02499, -0.025, 0.0]","[-1.8081999937301033e-05, 3.088211141975073e-05, -4.713913970336699e-06]"
6.65,BodyIndex(3),"[0.00833, -0.025, 0.0]","[6.841130450465379e-06, -2.0614980349094075e-05, -1.3568237609036528e-05]"
6.65,BodyIndex(3),"[0.02499, -0.025, 0.0]","[3.159934887648071e-05, -9.522109844996509e-05, -6.267202137883009e-05]"
6.7,BodyIndex(3),"[0.00833, -0.025, 0.0]","[-1.5123546835686427e-05, -2.8739625382427634e-05, -8.06844022099988e-06]"
6.7,BodyIndex(3),"[0.02499, -0.025, 0.0]","[-5.1161315015596216e-05, -9.722302867149275e-05, -2.7294656228195942e-05]"
6.75,BodyIndex(3),"[0.00833, -0.025, 0.0]","[1.311666315591124e-05, 3.20051912867383e-05, -1.952278687809488e-05]"
6.75,BodyIndex(3),"[0.02499, -0.025, 0.0]","[4.6234744563883325e-05, 0.00011281465615694301, -6.881560147994381e-05]"
6.800000000000001,BodyIndex(3),"[0.00833, -0.025, 0.0]","[-9.752792800072367e-06, 2.1298635567640805e-05, -6.82877623452353e-06]"
6.800000000000001,BodyIndex(3),"[0.02499, -0.025, 0.0]","[-4.478090892119854e-05, 9.779478340739952e-05, -3.1354998806000904e-05]"
6.8500000000000005,BodyIndex(3),"[0.00833, -0.025, 0.0]","[8.59571535684675e-06, -1.7807390179699738e-05, -1.047959221476933e-05]"
6.8500000000000005,BodyIndex(3),"[0.02499, -0.025, 0.0]","[3.6954890949830363e-05, -7.655792855770996e-05, -4.505409630473835e-05]"
6.9,BodyIndex(3),"[0.00833, -0.025, 0.0]","[-1.3251005600830266e-05, -3.45934825192778e-05, -1.5006959179800985e-05]"
6.9,BodyIndex(3),"[0.02499, -0.025, 0.0]","[-5.251792142805844e-05, -0.00013710489992974653, -5.9477320198965615e-05]"
6.95,BodyIndex(3),"[0.00833, -0.025, 0.0]","[8.738145467939128e-06, 1.5939272882150013e-05, -8.104704921906479e-06]"
6.95,BodyIndex(3),"[0.02499, -0.025, 0.0]","[3.579935026485197e-05, 6.530168386058275e-05, -3.320420464012135e-05]"
7.0,BodyIndex(3),"[0.00833, -0.025, 0.0]","[-1.3402959598269206e-05, 4.412361036291028e-05, -2.0243546117197714e-05]"
7.0,BodyIndex(3),"[0.02499, -0.025, 0.0]","[-5.068455234777251e-05, 0.00016685758267154965, -7.655287366636184e-05]"
7.050000000000001,BodyIndex(3),"[0.00833, -0.025, 0.0]","[7.735999304084971e-06, -1.2812951882951825e-05, -5.922231711856732e-06]"
7.050000000000001,BodyIndex(3),"[0.02499, -0.025, 0.0]","[2.971854182569419e-05, -4.9222114878298915e-05, -2.2750789382482294e-05]"
7.1000000000000005,BodyIndex(3),"[0.00833, -0.025, 0.0]","[-7.261854920447958e-06, -3.277549122014726e-05, -1.8043166373772726e-05]"
7.1000000000000005,BodyIndex(3),"[0.02499, -0.025, 0.0]","[-3.211607717415133e-05, -0.00014495197397609757, -7.979720471892756e-05]"
7.15,BodyIndex(3),"[0.00833, -0.025, 0.0]","[2.273661113877964e-06, 3.5160247172820616e-06, -1.2385692291812364e-06]"
7.15,BodyIndex(3),"[0.02499, -0.025, 0.0]","[1.323640331066742e-05, 2.046897883072944e-05, -7.210486094677191e-06]"
7.2,BodyIndex(3),"[0.00833, -0.025, 0.0]","[-8.164503642029406e-06, 5.928020618163901e-05, -3.336672499091174e-05]"
7.2,BodyIndex(3),"[0.02499, -0.025, 0.0]","[-2.760774755909644e-05, 0.00020045223068907578, -0.00011282744926229377]"
7.25,BodyIndex(3),"[0.00833, -0.025, 0.0]","[3.870714220224501e-06, -5.73931533337506e-06, -1.6615726647767784e-06]"
7.25,BodyIndex(3),"[0.02499, -0.025, 0.0]","[1.1551912988212653e-05, -1.712864023818787e-05, -4.9588633402082325e-06]"
7.300000000000001,BodyIndex(3),"[0.00833, -0.025, 0.0]","[-1.4957607065808252e-06, -2.8256610014115662e-05, -1.779486098298419e-05]"
7.300000000000001,BodyIndex(3),"[0.02499, -0.025, 0.0]","[-7.049886908110291e-06, -0.00013318033033603283, -8.387154236880197e-05]"
7.3500000000000005,BodyIndex(3),"[0.00833, -0.025, 0.0]","[-2.862576558403679e-07, -4.177014209386969e-07, 6.733196492654975e-08]"
7.3500000000000005,BodyIndex(3),"[0.02499, -0.025, 0.0]","[-9.055876411312845e-10, -1.3214152941153146e-09, 2.1300738703935795e-10]"
7.4,BodyIndex(3),"[0.00833, -0.025, 0.0]","[1.950471645318645e-06, 6.076130115760891e-05, -3.8262752337243774e-05]"
7.4,BodyIndex(3),"[0.02499, -0.025, 0.0]","[6.2567100554686315e-06, 0.0001949097003530459, -0.0001227390041136583]"
7.45,BodyIndex(3),"[0.00833, -0.025, 0.0]","[3.462972631651451e-07, -5.103094770015109e-07, -4.839166771964304e-08]"
7.45,BodyIndex(3),"[0.02499, -0.025, 0.0]","[5.048797348912175e-08, -7.439992771127702e-08, -7.055202269267126e-09]"
7.5,BodyIndex(3),"[0.00833, -0.025, 0.0]","[2.829824829407452e-06, -2.4183182852745564e-05, -1.6215544941028147e-05]"
7.5,BodyIndex(3),"[0.02499, -0.025, 0.0]","[1.3593147706254874e-05, -0.0001161646378633174, -7.789185225537945e-05]"
7.550000000000001,BodyIndex(3),"[0.00833, -0.025, 0.0]","[-6.607947701676062e-06, -1.0091801324470541e-05, -3.9604425442025976e-07]"
7.550000000000001,BodyIndex(3),"[0.02499, -0.025, 0.0]","[-1.5756798482655073e-05, -2.4064125046925067e-05, -9.44376346309547e-07]"
7.6000000000000005,BodyIndex(3),"[0.00833, -0.025, 0.0]","[1.03797529275167e-05, 5.160173856572057e-05, -3.3763419061038856e-05]"
7.6000000000000005,BodyIndex(3),"[0.02499, -0.025, 0.0]","[3.3388275331391725e-05, 0.00016598594078702853, -0.00010860589260758307]"
7.65,BodyIndex(3),"[0.00833, -0.025, 0.0]","[-1.2260821682637314e-06, 1.9924555381283385e-06, -1.9555998570989425e-07]"
7.65,BodyIndex(3),"[0.02499, -0.025, 0.0]","[-1.076264588768796e-05, 1.748993171820228e-05, -1.7166409645916791e-06]"
7.7,BodyIndex(3),"[0.00833, -0.025, 0.0]","[6.054157196442475e-06, -2.132729819568507e-05, -1.4252283337686834e-05]"
7.7,BodyIndex(3),"[0.02499, -0.025, 0.0]","[2.83809993296011e-05, -9.997924007483971e-05, -6.681261003428562e-05]"
7.75,BodyIndex(3),"[0.00833, -0.025, 0.0]","[-1.4156836923624693e-05, -2.51588992115626e-05, -5.761770546619645e-06]"
7.75,BodyIndex(3),"[0.02499, -0.025, 0.0]","[-4.5174803486155646e-05, -8.028264604176402e-05, -1.8385946915973845e-05]"
7.800000000000001,BodyIndex(3),"[0.00833, -0.025, 0.0]","[1.3411994140386356e-05, 3.6844246850544605e-05, -2.3159407465751362e-05]"
7.800000000000001,BodyIndex(3),"[0.02499, -0.025, 0.0]","[4.587225616508379e-05, 0.0001260162144455781, -7.921076170928726e-05]"
7.8500000000000005,BodyIndex(3),"[0.00833, -0.025, 0.0]","[-7.558938412849359e-06, 1.5135897497244751e-05, -4.140953588068109e-06]"
7.8500000000000005,BodyIndex(3),"[0.02499, -0.025, 0.0]","[-3.77419402907446e-05, 7.55738581778582e-05, -2.0675869352492607e-05]"
7.9,BodyIndex(3),"[0.00833, -0.025, 0.0]","[8.268645878092089e-06, -1.878486248917429e-05, -1.1555068370381854e-05]"
7.9,BodyIndex(3),"[0.02499, -0.025, 0.0]","[3.643768256565244e-05, -8.2779800527375e-05, -5.092005625974828e-05]"
7.95,BodyIndex(3),"[0.00833, -0.025, 0.0]","[-1.4494785271726765e-05, -3.385394532526569e-05, -1.3271526562578019e-05]"
7.95,BodyIndex(3),"[0.02499, -0.025, 0.0]","[-5.5103311904825e-05, -0.00012869900957454986, -5.0452976979064005e-05]"
8.0,BodyIndex(3),"[0.00833, -0.025, 0.0]","[1.0483043718178457e-05, 2.054132268999652e-05, -1.1191348530749942e-05]"
8.0,BodyIndex(3),"[0.02499, -0.025, 0.0]","[4.068490781164539e-05, 7.972129492530475e-05, -4.3433853325632325e-05]"
8.05,BodyIndex(3),"[0.00833, -0.025, 0.0]","[-1.3196565578423166e-05, 3.7566094853450424e-05, -1.5822192991928962e-05]"
8.05,BodyIndex(3),"[0.02499, -0.025, 0.0]","[-5.230626247162027e-05, 0.00014889798453706079, -6.27132699484797e-05]"
8.1,BodyIndex(3),"[0.00833, -0.025, 0.0]","[8.351546107510684e-06, -1.4597336916463588e-05, -7.3766248756619515e-06]"
8.1,BodyIndex(3),"[0.02499, -0.025, 0.0]","[3.339018370809976e-05, -5.8361380637222593e-05, -2.9492366631680722e-05]"
8.15,BodyIndex(3),"[0.00833, -0.025, 0.0]","[-9.15056200962673e-06, -3.3811980261117956e-05, -1.7574086008699276e-05]"
8.15,BodyIndex(3),"[0.02499, -0.025, 0.0]","[-3.936398342330427e-05, -0.00014545273056534717, -7.56003871235862e-05]"
8.200000000000001,BodyIndex(3),"[0.00833, -0.025, 0.0]","[4.056229149725939e-06, 6.512193089233718e-06, -2.6272835725993613e-06]"
8.200000000000001,BodyIndex(3),"[0.02499, -0.025, 0.0]","[2.0215956448164154e-05, 3.245630535515466e-05, -1.3094193725281624e-05]"
8.25,BodyIndex(3),"[0.00833, -0.025, 0.0]","[-1.0541797761860257e-05, 5.616966580262863e-05, -3.008986715737025e-05]"
8.25,BodyIndex(3),"[0.02499, -0.025, 0.0]","[-3.66055793975958e-05, 0.00019504483084597805, -0.00010448474218289863]"
8.3,BodyIndex(3),"[0.00833, -0.025, 0.0]","[5.196585706834137e-06, -7.875092624561695e-06, -2.711702658316761e-06]"
8.3,BodyIndex(3),"[0.02499, -0.025, 0.0]","[1.7267857006904084e-05, -2.616833071341793e-05, -9.010780614562868e-06]"
8.35,BodyIndex(3),"[0.00833, -0.025, 0.0]","[-3.0624591320760584e-06, -2.9639660398927525e-05, -1.808490888924357e-05]"
8.35,BodyIndex(3),"[0.02499, -0.025, 0.0]","[-1.4230758412144322e-05, -0.00013773076745327917, -8.403768285848092e-05]"
8.4,BodyIndex(3),"[0.00833, -0.025, 0.0]","[1.1760666883250989e-08, 1.7270792671539188e-08, -3.798546386635275e-09]"
8.4,BodyIndex(3),"[0.02499, -0.025, 0.0]","[1.3264589522163073e-06, 1.9479335464947917e-06, -4.284294343152458e-07]"
8.450000000000001,BodyIndex(3),"[0.00833, -0.025, 0.0]","[-1.1350991655109605e-06, 6.166210602772444e-05, -3.7860716275440815e-05]"
8.450000000000001,BodyIndex(3),"[0.02499, -0.025, 0.0]","[-3.6773817761957426e-06, 0.00019976677974750388, -0.00012265739619529237]"
8.5,BodyIndex(3),"[0.00833, -0.025, 0.0]","[1.0808195051001926e-06, -1.5785014329279292e-06, -2.4197884048053235e-07]"
8.5,BodyIndex(3),"[0.02499, -0.025, 0.0]","[1.5295447885553442e-06, -2.2338499898169786e-06, -3.42441520208643e-07]"
8.55,BodyIndex(3),"[0.00833, -0.025, 0.0]","[1.684212573080155e-06, -2.5264063057039175e-05, -1.6740694104251406e-05]"
8.55,BodyIndex(3),"[0.02499, -0.025, 0.0]","[8.082073624391404e-06, -0.00012123530066328507, -8.033399372297393e-05]"
8.6,BodyIndex(3),"[0.00833, -0.025, 0.0]","[-4.083025205732056e-06, -6.085630466132919e-06, 1.2179952343198626e-07]"
8.6,BodyIndex(3),"[0.02499, -0.025, 0.0]","[-8.180942649559121e-06, -1.2193457380559291e-05, 2.4404329283636116e-07]"
8.65,BodyIndex(3),"[0.00833, -0.025, 0.0]","[8.339009228907138e-06, 5.512120881704639e-05, -3.5930758635820135e-05]"
8.65,BodyIndex(3),"[0.02499, -0.025, 0.0]","[2.6643397891548382e-05, 0.00017611400329007194, -0.00011479990879022023]"
8.700000000000001,BodyIndex(3),"[0.00833, -0.025, 0.0]","[-3.412541652466604e-07, 5.327728264595029e-07, -2.2401661054200327e-08]"
8.700000000000001,BodyIndex(3),"[0.02499, -0.025, 0.0]","[-5.081743236186885e-06, 7.93371915424919e-06, -3.3359150197990944e-07]"
8.75,BodyIndex(3),"[0.00833, -0.025, 0.0]","[5.186710037768965e-06, -2.207328619035808e-05, -1.4874372396796802e-05]"
8.75,BodyIndex(3),"[0.02499, -0.025, 0.0]","[2.4596623506017778e-05, -0.00010467681941178205, -7.053784288463648e-05]"
8.8,BodyIndex(3),"[0.00833, -0.025, 0.0]","[-1.2461037188520885e-05, -2.092762801131936e-05, -3.6592024958944387e-06]"
8.8,BodyIndex(3),"[0.02499, -0.025, 0.0]","[-3.721242441004007e-05, -6.249622432473441e-05, -1.0927484945229088e-05]"
8.85,BodyIndex(3),"[0.00833, -0.025, 0.0]","[1.3162343736647744e-05, 4.154840177296958e-05, -2.6673948462147383e-05]"
8.85,BodyIndex(3),"[0.02499, -0.025, 0.0]","[4.392530798932193e-05, 0.0001386551195483811, -8.901616801184748e-05]"
8.9,BodyIndex(3),"[0.00833, -0.025, 0.0]","[-5.322770750100972e-06, 9.891807726970003e-06, -2.216452098473054e-06]"
8.9,BodyIndex(3),"[0.02499, -0.025, 0.0]","[-2.9520200508315143e-05, 5.486017737741498e-05, -1.2292490778934863e-05]"
8.950000000000001,BodyIndex(3),"[0.00833, -0.025, 0.0]","[7.7588857352863e-06, -1.9614275607190186e-05, -1.2487915848331576e-05]"
8.950000000000001,BodyIndex(3),"[0.02499, -0.025, 0.0]","[3.494449790169252e-05, -8.833884608991279e-05, -5.6243120990160216e-05]"
9.0,BodyIndex(3),"[0.00833, -0.025, 0.0]","[-1.5220697463903e-05, -3.229741623415988e-05, -1.121097936343206e-05]"
9.0,BodyIndex(3),"[0.02499, -0.025, 0.0]","[-5.526243002372955e-05, -0.00011726359510268113, -4.070417693002827e-05]"
9.05,BodyIndex(3),"[0.00833, -0.025, 0.0]","[1.1893873675811545e-05, 2.5330473053154018e-05, -1.4589291152444475e-05]"
9.05,BodyIndex(3),"[0.02499, -0.025, 0.0]","[4.411600111516486e-05, 9.395418245724289e-05, -5.411367249171575e-05]"
9.1,BodyIndex(3),"[0.00833, -0.025, 0.0]","[-1.2176371121406074e-05, 3.0633497998671776e-05, -1.1661327213265715e-05]"
9.1,BodyIndex(3),"[0.02499, -0.025, 0.0]","[-5.0996286961759826e-05, 0.00012829722739284954, -4.883921350567425e-05]"
9.15,BodyIndex(3),"[0.00833, -0.025, 0.0]","[8.653043945200137e-06, -1.6125733867939954e-05, -8.769769244896863e-06]"
9.15,BodyIndex(3),"[0.02499, -0.025, 0.0]","[3.57769232344523e-05, -6.667354821565643e-05, -3.625953630254895e-05]"
9.200000000000001,BodyIndex(3),"[0.00833, -0.025, 0.0]","[-1.1000763400402739e-05, -3.4497056768419025e-05, -1.675527929757384e-05]"
9.200000000000001,BodyIndex(3),"[0.02499, -0.025, 0.0]","[-4.584278654554192e-05, -0.00014375740594749803, -6.98232172070435e-05]"
9.25,BodyIndex(3),"[0.00833, -0.025, 0.0]","[6.041752066951743e-06, 1.0167813488732078e-05, -4.5841829542540505e-06]"
9.25,BodyIndex(3),"[0.02499, -0.025, 0.0]","[2.724838799114413e-05, 4.5856983850438655e-05, -2.0674730504610987e-05]"
9.3,BodyIndex(3),"[0.00833, -0.025, 0.0]","[-1.229179537403349e-05, 5.181927853076071e-05, -2.6184347535805498e-05]"
9.3,BodyIndex(3),"[0.02499, -0.025, 0.0]","[-4.406721850756615e-05, 0.00018577688616127158, -9.38732975311283e-05]"
9.35,BodyIndex(3),"[0.00833, -0.025, 0.0]","[6.419162761576692e-06, -1.0035204751623528e-05, -3.9792248156103405e-06]"
9.35,BodyIndex(3),"[0.02499, -0.025, 0.0]","[2.296190658023001e-05, -3.589680501630739e-05, -1.4234035164943373e-05]"
9.4,BodyIndex(3),"[0.00833, -0.025, 0.0]","[-4.763106833511541e-06, -3.102322951824225e-05, -1.8216964756202813e-05]"
9.4,BodyIndex(3),"[0.02499, -0.025, 0.0]","[-2.1734760632810127e-05, -0.00014156358259523197, -8.312670327835237e-05]"
9.450000000000001,BodyIndex(3),"[0.00833, -0.025, 0.0]","[5.28732889158735e-07, 7.88603570530124e-07, -2.1869417206601423e-07]"
9.450000000000001,BodyIndex(3),"[0.02499, -0.025, 0.0]","[5.140496892266326e-06, 7.667036204216914e-06, -2.1262091595073807e-06]"
9.5,BodyIndex(3),"[0.00833, -0.025, 0.0]","[-4.233405458188646e-06, 6.147476963065932e-05, -3.6562070293958405e-05]"
9.5,BodyIndex(3),"[0.02499, -0.025, 0.0]","[-1.3918821958802389e-05, 0.00020212010918832477, -0.00012021077401940355]"
9.55,BodyIndex(3),"[0.00833, -0.025, 0.0]","[2.128965257324455e-06, -3.1096670865381957e-06, -6.574752732133478e-07]"
9.55,BodyIndex(3),"[0.02499, -0.025, 0.0]","[4.843574142037132e-06, -7.074752882359935e-06, -1.4958112732976587e-06]"
9.600000000000001,BodyIndex(3),"[0.00833, -0.025, 0.0]","[4.30219091084403e-07, -2.6459510074118775e-05, -1.722930763327731e-05]"
9.600000000000001,BodyIndex(3),"[0.02499, -0.025, 0.0]","[2.054424283119294e-06, -0.0001263520404887023, -8.227507499473855e-05]"
9.65,BodyIndex(3),"[0.00833, -0.025, 0.0]","[-1.9981794273059472e-06, -2.9332850734618806e-06, 2.335617148062002e-07]"
9.65,BodyIndex(3),"[0.02499, -0.025, 0.0]","[-2.8296261223895895e-06, -4.1538312099798985e-06, 3.307472393992075e-07]"
9.700000000000001,BodyIndex(3),"[0.00833, -0.025, 0.0]","[5.869333250307672e-06, 5.802983630048518e-05, -3.744241913612689e-05]"
9.700000000000001,BodyIndex(3),"[0.02499, -0.025, 0.0]","[1.8720920077168846e-05, 0.00018509290257383607, -0.00011942694446708142]"
9.75,BodyIndex(3),"[0.00833, -0.025, 0.0]","[-5.409736634564252e-09, 8.190538003808932e-09, 1.247509784562169e-10]"
9.75,BodyIndex(3),"[0.02499, -0.025, 0.0]","[-1.4502823974754804e-06, 2.195780293052078e-06, 3.344416934586456e-08]"
9.8,BodyIndex(3),"[0.00833, -0.025, 0.0]","[4.245522323314769e-06, -2.2897992500582867e-05, -1.5460708518303663e-05]"
9.8,BodyIndex(3),"[0.02499, -0.025, 0.0]","[2.0294170299181264e-05, -0.00010945549779924002, -7.390427554541307e-05]"
9.850000000000001,BodyIndex(3),"[0.00833, -0.025, 0.0]","[-1.0185383831291239e-05, -1.6325969462252047e-05, -1.9354550282510003e-06]"
9.850000000000001,BodyIndex(3),"[0.02499, -0.025, 0.0]","[-2.811225959045609e-05, -4.506063779144829e-05, -5.341969932707768e-06]"
9.9,BodyIndex(3),"[0.00833, -0.025, 0.0]","[1.2355291110755364e-05, 4.603824502391521e-05, -2.9944743045180096e-05]"
9.9,BodyIndex(3),"[0.02499, -0.025, 0.0]","[4.0448242347804656e-05, 0.00015071810735191063, -9.80318644762497e-05]"
9.950000000000001,BodyIndex(3),"[0.00833, -0.025, 0.0]","[-3.299106098125127e-06, 5.752745250640466e-06, -9.901734604512305e-07]"
9.950000000000001,BodyIndex(3),"[0.02499, -0.025, 0.0]","[-2.1051756552782457e-05, 3.6708547383632936e-05, -6.318345034823696e-06]"
10.0,BodyIndex(3),"[0.00833, -0.025, 0.0]","[7.105776260003435e-06, -2.034901754356838e-05, -1.3293591601341206e-05]"
10.0,BodyIndex(3),"[0.02499, -0.025, 0.0]","[3.262025540987416e-05, -9.341557140597187e-05, -6.102645755836091e-05]"
10.05,BodyIndex(3),"[0.00833, -0.025, 0.0]","[-1.528549396705195e-05, -2.9856977765485246e-05, -8.931265844344705e-06]"
10.05,BodyIndex(3),"[0.02499, -0.025, 0.0]","[-5.2751414622997255e-05, -0.00010303872527061587, -3.082248494414259e-05]"
10.100000000000001,BodyIndex(3),"[0.00833, -0.025, 0.0]","[1.2873118812726081e-05, 3.019242175650425e-05, -1.8168892179629857e-05]"
10.100000000000001,BodyIndex(3),"[0.02499, -0.025, 0.0]","[4.595379473027533e-05, 0.00010777934795697577, -6.485837300544621e-05]"
10.15,BodyIndex(3),"[0.00833, -0.025, 0.0]","[-1.0496571415422197e-05, 2.3751528545797268e-05, -8.014999850961656e-06]"
10.15,BodyIndex(3),"[0.02499, -0.025, 0.0]","[-4.691455840375637e-05, 0.00010615775657021748, -3.582314297996083e-05]"
10.200000000000001,BodyIndex(3),"[0.00833, -0.025, 0.0]","[8.661978036725898e-06, -1.7396578329695173e-05, -1.0043185425816081e-05]"
10.200000000000001,BodyIndex(3),"[0.02499, -0.025, 0.0]","[3.686629481745156e-05, -7.404167763970125e-05, -4.2744859574178684e-05]"
10.25,BodyIndex(3),"[0.00833, -0.025, 0.0]","[-1.2689933017661522e-05, -3.46810295522815e-05, -1.555623357553199e-05]"
10.25,BodyIndex(3),"[0.02499, -0.025, 0.0]","[-5.10304246734355e-05, -0.00013946390920281036, -6.255676878465046e-05]"
10.3,BodyIndex(3),"[0.00833, -0.025, 0.0]","[8.036964397825325e-06, 1.4316610230698776e-05, -7.069218877512243e-06]"
10.3,BodyIndex(3),"[0.02499, -0.025, 0.0]","[3.3683212030520795e-05, 6.000143761859064e-05, -2.9627355125006522e-05]"
10.350000000000001,BodyIndex(3),"[0.00833, -0.025, 0.0]","[-1.3264939254907166e-05, 4.638025224793429e-05, -2.1885906567044858e-05]"
10.350000000000001,BodyIndex(3),"[0.02499, -0.025, 0.0]","[-4.9386102395731106e-05, 0.000172676243942012, -8.148244043738333e-05]"
10.4,BodyIndex(3),"[0.00833, -0.025, 0.0]","[7.436853196381083e-06, -1.2107947950398568e-05, -5.392469033847489e-06]"
10.4,BodyIndex(3),"[0.02499, -0.025, 0.0]","[2.809441055487367e-05, -4.574053725587454e-05, -2.0371282710686867e-05]"
10.450000000000001,BodyIndex(3),"[0.00833, -0.025, 0.0]","[-6.583216372417555e-06, -3.234156595466239e-05, -1.8137762189785027e-05]"
10.450000000000001,BodyIndex(3),"[0.02499, -0.025, 0.0]","[-2.9376429610431263e-05, -0.00014431847322213443, -8.093653073464043e-05]"
10.5,BodyIndex(3),"[0.00833, -0.025, 0.0]","[1.7118464555590633e-06, 2.6177172176210954e-06, -8.713244292101324e-07]"
10.5,BodyIndex(3),"[0.02499, -0.025, 0.0]","[1.084749863180163e-05, 1.6587751690214995e-05, -5.521342479647491e-06]"
10.55,BodyIndex(3),"[0.00833, -0.025, 0.0]","[-7.17915057018645e-06, 6.008832619241406e-05, -3.4362150437712276e-05]"
10.55,BodyIndex(3),"[0.02499, -0.025, 0.0]","[-2.4070839380656088e-05, 0.000201469022593923, -0.00011521221011786527]"
10.600000000000001,BodyIndex(3),"[0.00833, -0.025, 0.0]","[3.3801285520960623e-06, -4.9837586781285075e-06, -1.3402333748429153e-06]"
10.600000000000001,BodyIndex(3),"[0.02499, -0.025, 0.0]","[9.56654397071053e-06, -1.4105187361634872e-05, -3.7931697903909e-06]"
10.65,BodyIndex(3),"[0.00833, -0.025, 0.0]","[-9.517560623329834e-07, -2.7745231979712593e-05, -1.7649448620682066e-05]"
10.65,BodyIndex(3),"[0.02499, -0.025, 0.0]","[-4.505270845121502e-06, -0.00013133594801899897, -8.354614112813429e-05]"
10.700000000000001,BodyIndex(3),"[0.00833, -0.025, 0.0]","[-6.013234899925089e-07, -8.773295474601963e-07, 1.220432722515963e-07]"
10.700000000000001,BodyIndex(3),"[0.02499, -0.025, 0.0]","[-2.2842785156645927e-07, -3.3327569432653165e-07, 4.636120647626773e-08]"
10.75,BodyIndex(3),"[0.00833, -0.025, 0.0]","[3.0722092269904443e-06, 6.014758993116755e-05, -3.817812465638967e-05]"
10.75,BodyIndex(3),"[0.02499, -0.025, 0.0]","[9.83228987237509e-06, 0.0001924961796652491, -0.00012218516405310614]"
10.8,BodyIndex(3),"[0.00833, -0.025, 0.0]","[1.706897484708354e-07, -2.529238953777914e-07, -1.8418404475610508e-08]"
10.8,BodyIndex(3),"[0.02499, -0.025, 0.0]","[-2.6362857467619193e-08, 3.9063837539950585e-08, 2.84470377583598e-09]"
10.850000000000001,BodyIndex(3),"[0.00833, -0.025, 0.0]","[3.23782843414616e-06, -2.382313922251688e-05, -1.6023764100748835e-05]"
10.850000000000001,BodyIndex(3),"[0.02499, -0.025, 0.0]","[1.5540596645113656e-05, -0.00011434385885710241, -7.690921853673144e-05]"
10.9,BodyIndex(3),"[0.00833, -0.025, 0.0]","[-7.588700186932105e-06, -1.1721719019623314e-05, -7.164268906793889e-07]"
10.9,BodyIndex(3),"[0.02499, -0.025, 0.0]","[-1.8968076208627783e-05, -2.9298622186077144e-05, -1.7907203507285527e-06]"
10.950000000000001,BodyIndex(3),"[0.00833, -0.025, 0.0]","[1.1015295362676959e-05, 5.0221968326308534e-05, -3.285239733348231e-05]"
10.950000000000001,BodyIndex(3),"[0.02499, -0.025, 0.0]","[3.5562971491007746e-05, 0.00016214203695912125, -0.00010606423444082398]"
11.0,BodyIndex(3),"[0.00833, -0.025, 0.0]","[-1.6865297736158514e-06, 2.787898997694386e-06, -3.2914539816699746e-07]"
11.0,BodyIndex(3),"[0.02499, -0.025, 0.0]","[-1.3266540709289974e-05, 2.1930105311455772e-05, -2.5891157644350814e-06]"
11.05,BodyIndex(3),"[0.00833, -0.025, 0.0]","[6.344439872641123e-06, -2.1073824411820782e-05, -1.4017349212868695e-05]"
11.05,BodyIndex(3),"[0.02499, -0.025, 0.0]","[2.9600288479416493e-05, -9.832093840851343e-05, -6.539861496786624e-05]"
11.100000000000001,BodyIndex(3),"[0.00833, -0.025, 0.0]","[-1.4599674422654147e-05, -2.6547927791806278e-05, -6.573392050147062e-06]"
11.100000000000001,BodyIndex(3),"[0.02499, -0.025, 0.0]","[-4.7571753409651245e-05, -8.650408480954609e-05, -2.1418819120331392e-05]"
11.15,BodyIndex(3),"[0.00833, -0.025, 0.0]","[1.335468261023136e-05, 3.509792839094398e-05, -2.18467901393198e-05]"
11.15,BodyIndex(3),"[0.02499, -0.025, 0.0]","[4.615129909019191e-05, 0.00012129191219981617, -7.549844315341136e-05]"
11.200000000000001,BodyIndex(3),"[0.00833, -0.025, 0.0]","[-8.369222971728424e-06, 1.7270805869580555e-05, -5.022096935983331e-06]"
11.200000000000001,BodyIndex(3),"[0.02499, -0.025, 0.0]","[-4.04439883376821e-05, 8.346058810133865e-05, -2.4269114420268756e-05]"
11.25,BodyIndex(3),"[0.00833, -0.025, 0.0]","[8.398700535420076e-06, -1.8410654119703818e-05, -1.1153551538484271e-05]"
11.25,BodyIndex(3),"[0.02499, -0.025, 0.0]","[3.6700320870366604e-05, -8.045017330680092e-05, -4.8738363581393006e-05]"
11.3,BodyIndex(3),"[0.00833, -0.025, 0.0]","[-1.4072177186822265e-05, -3.420307729039908e-05, -1.3963066698953464e-05]"
11.3,BodyIndex(3),"[0.02499, -0.025, 0.0]","[-5.438283798996058e-05, -0.00013218000216652374, -5.3961173459589886e-05]"
11.350000000000001,BodyIndex(3),"[0.00833, -0.025, 0.0]","[9.850976186638091e-06, 1.8749602918854944e-05, -9.965278843268513e-06]"
11.350000000000001,BodyIndex(3),"[0.02499, -0.025, 0.0]","[3.896788587814995e-05, 7.416852634296282e-05, -3.9420037298958917e-05]"
11.4,BodyIndex(3),"[0.00833, -0.025, 0.0]","[-1.3372710770821926e-05, 4.013584802072892e-05, -1.7515410681182306e-05]"
11.4,BodyIndex(3),"[0.02499, -0.025, 0.0]","[-5.2054411599965035e-05, 0.0001562321946978185, -6.818022258658695e-05]"
11.450000000000001,BodyIndex(3),"[0.00833, -0.025, 0.0]","[8.178941586870067e-06, -1.3981860184493356e-05, -6.841635293496488e-06]"
11.450000000000001,BodyIndex(3),"[0.02499, -0.025, 0.0]","[3.2195761606635694e-05, -5.5038495205774686e-05, -2.693156034548132e-05]"
11.5,BodyIndex(3),"[0.00833, -0.025, 0.0]","[-8.442561607298098e-06, -3.347859463751202e-05, -1.7810588530330322e-05]"
11.5,BodyIndex(3),"[0.02499, -0.025, 0.0]","[-3.673098756299262e-05, -0.00014565506305502356, -7.748838992559133e-05]"
11.55,BodyIndex(3),"[0.00833, -0.025, 0.0]","[3.380999801817531e-06, 5.348316002354859e-06, -2.059684353124562e-06]"
11.55,BodyIndex(3),"[0.02499, -0.025, 0.0]","[1.7660713757994667e-05, 2.793702559642715e-05, -1.0758798557988333e-05]"
11.600000000000001,BodyIndex(3),"[0.00833, -0.025, 0.0]","[-9.779740553797696e-06, 5.753304697175096e-05, -3.1388274601755e-05]"
11.600000000000001,BodyIndex(3),"[0.02499, -0.025, 0.0]","[-3.359472156677775e-05, 0.00019763373918480547, -0.00010782293660111895]"
11.65,BodyIndex(3),"[0.00833, -0.025, 0.0]","[4.734121619095816e-06, -7.116521352442819e-06, -2.3180593990606375e-06]"
11.65,BodyIndex(3),"[0.02499, -0.025, 0.0]","[1.524813998468833e-05, -2.2921615141521643e-05, -7.466241270001418e-06]"
11.700000000000001,BodyIndex(3),"[0.00833, -0.025, 0.0]","[-2.5175627197018263e-06, -2.9156100845479147e-05, -1.7983581274844532e-05]"
11.700000000000001,BodyIndex(3),"[0.02499, -0.025, 0.0]","[-1.1756560826066306e-05, -0.0001361536975259136, -8.398005955270002e-05]"
11.75,BodyIndex(3),"[0.00833, -0.025, 0.0]","[-1.4720932730600432e-08, -2.1558663111246607e-08, 4.310262787549318e-09]"
11.75,BodyIndex(3),"[0.02499, -0.025, 0.0]","[5.455954095715076e-07, 7.990191820892173e-07, -1.5974936058537912e-07]"
11.8,BodyIndex(3),"[0.00833, -0.025, 0.0]","[-3.8537259429858424e-08, 6.135256112688445e-05, -3.801705907070783e-05]"
11.8,BodyIndex(3),"[0.02499, -0.025, 0.0]","[-1.243437889112292e-07, 0.00019795932618949685, -0.00012266531761859624]"
11.850000000000001,BodyIndex(3),"[0.00833, -0.025, 0.0]","[7.61771311438688e-07, -1.1150169305670192e-06, -1.4682725642527335e-07]"
11.850000000000001,BodyIndex(3),"[0.02499, -0.025, 0.0]","[7.436225681349947e-07, -1.0884523228582903e-06, -1.4332918535481626e-07]"
11.9,BodyIndex(3),"[0.00833, -0.025, 0.0]","[2.1423683966832635e-06, -2.4775994732103768e-05, -1.6505464390416938e-05]"
11.9,BodyIndex(3),"[0.02499, -0.025, 0.0]","[1.0292703340654753e-05, -0.0001190327322518243, -7.929814906405152e-05]"
11.950000000000001,BodyIndex(3),"[0.00833, -0.025, 0.0]","[-5.021022674195133e-06, -7.5431459267487015e-06, -3.1221727381262714e-08]"
11.950000000000001,BodyIndex(3),"[0.02499, -0.025, 0.0]","[-1.0940018086852281e-05, -1.643532766631554e-05, -6.802722959392692e-08]"
12.0,BodyIndex(3),"[0.00833, -0.025, 0.0]","[9.247683121333939e-06, 5.368991337415709e-05, -3.510140978123365e-05]"
12.0,BodyIndex(3),"[0.02499, -0.025, 0.0]","[2.9622476797124354e-05, 0.0001719812619332238, -0.00011243796777510714]"
12.05,BodyIndex(3),"[0.00833, -0.025, 0.0]","[-6.220570401538899e-07, 9.84883030371382e-07, -6.45041403176753e-08]"
12.05,BodyIndex(3),"[0.02499, -0.025, 0.0]","[-7.131325038788169e-06, 1.1290799012623448e-05, -7.394820109087496e-07]"
12.100000000000001,BodyIndex(3),"[0.00833, -0.025, 0.0]","[5.568222302790165e-06, -2.1888033207615485e-05, -1.4720376864381342e-05]"
12.100000000000001,BodyIndex(3),"[0.02499, -0.025, 0.0]","[2.6258886250424192e-05, -0.00010322062284695059, -6.941904985572775e-05]"
12.15,BodyIndex(3),"[0.00833, -0.025, 0.0]","[-1.316731999116972e-05, -2.2552072348969352e-05, -4.4003804009637154e-06]"
12.15,BodyIndex(3),"[0.02499, -0.025, 0.0]","[-4.0369352515929187e-05, -6.914182682814913e-05, -1.3491014703813643e-05]"
12.200000000000001,BodyIndex(3),"[0.00833, -0.025, 0.0]","[1.3356903220450264e-05, 4.016962054857775e-05, -2.5631300379302072e-05]"
12.200000000000001,BodyIndex(3),"[0.02499, -0.025, 0.0]","[4.490092605128333e-05, 0.00013503527965960657, -8.61628705347823e-05]"
12.25,BodyIndex(3),"[0.00833, -0.025, 0.0]","[-6.061745939725019e-06, 1.1537743301870022e-05, -2.759826390535956e-06]"
12.25,BodyIndex(3),"[0.02499, -0.025, 0.0]","[-3.224100106424719e-05, 6.136654319951207e-05, -1.467886752087199e-05]"
12.3,BodyIndex(3),"[0.00833, -0.025, 0.0]","[7.890025876817337e-06, -1.9313956428067895e-05, -1.2177915416743342e-05]"
12.3,BodyIndex(3),"[0.02499, -0.025, 0.0]","[3.5396956096970635e-05, -8.664803872847304e-05, -5.46336785314786e-05]"
12.350000000000001,BodyIndex(3),"[0.00833, -0.025, 0.0]","[-1.506647748611126e-05, -3.2920181297940666e-05, -1.185857262978443e-05]"
12.350000000000001,BodyIndex(3),"[0.02499, -0.025, 0.0]","[-5.532588094132684e-05, -0.00012088678543048466, -4.354607625135541e-05]"
12.4,BodyIndex(3),"[0.00833, -0.025, 0.0]","[1.1358836542392722e-05, 2.3510684107289735e-05, -1.3303705266578333e-05]"
12.4,BodyIndex(3),"[0.02499, -0.025, 0.0]","[4.283324559919461e-05, 8.865687104609848e-05, -5.0167186836074704e-05]"
12.450000000000001,BodyIndex(3),"[0.00833, -0.025, 0.0]","[-1.2559809224354266e-05, 3.299560366914977e-05, -1.3056329312247785e-05]"
12.450000000000001,BodyIndex(3),"[0.02499, -0.025, 0.0]","[-5.155729502323014e-05, 0.00013544505672437004, -5.359548144781752e-05]"
12.5,BodyIndex(3),"[0.00833, -0.025, 0.0]","[8.511126327641502e-06, -1.540941113414812e-05, -8.139578716630266e-06]"
12.5,BodyIndex(3),"[0.02499, -0.025, 0.0]","[3.4729317916791165e-05, -6.287749912139631e-05, -3.321323242971214e-05]"
12.55,BodyIndex(3),"[0.00833, -0.025, 0.0]","[-1.0162316359708802e-05, -3.416279468677947e-05, -1.7171507227781677e-05]"
12.55,BodyIndex(3),"[0.02499, -0.025, 0.0]","[-4.308380108226657e-05, -0.00014483538974786411, -7.279972158883346e-05]"
12.600000000000001,BodyIndex(3),"[0.00833, -0.025, 0.0]","[5.199705683695034e-06, 8.53504014222921e-06, -3.6636863311825007e-06]"
12.600000000000001,BodyIndex(3),"[0.02499, -0.025, 0.0]","[2.4224098758557153e-05, 3.97625688626834e-05, -1.7068177490360056e-05]"
12.65,BodyIndex(3),"[0.00833, -0.025, 0.0]","[-1.1591076094398962e-05, 5.403517460162407e-05, -2.818655422630403e-05]"
12.65,BodyIndex(3),"[0.02499, -0.025, 0.0]","[-4.1045996828597426e-05, 0.00019134785996295176, -9.981344320058631e-05]"
12.700000000000001,BodyIndex(3),"[0.00833, -0.025, 0.0]","[6.071678041614981e-06, -9.346245423480219e-06, -3.5038515706342984e-06]"
12.700000000000001,BodyIndex(3),"[0.02499, -0.025, 0.0]","[2.0990635854218932e-05, -3.231127094417731e-05, -1.2113302435063713e-05]"
12.75,BodyIndex(3),"[0.00833, -0.025, 0.0]","[-4.152111661373703e-06, -3.07209734741031e-05, -1.83263404282318e-05]"
12.75,BodyIndex(3),"[0.02499, -0.025, 0.0]","[-1.9078560802470962e-05, -0.00014115997066968614, -8.420780283908012e-05]"
12.8,BodyIndex(3),"[0.00833, -0.025, 0.0]","[2.9037635055848136e-07, 4.3119760499664034e-07, -1.1227484018203973e-07]"
12.8,BodyIndex(3),"[0.02499, -0.025, 0.0]","[3.7663075096077778e-06, 5.592820402557745e-06, -1.4562534893228696e-06]"
12.850000000000001,BodyIndex(3),"[0.00833, -0.025, 0.0]","[-3.55820598327774e-06, 6.219129283749987e-05, -3.7200263646420826e-05]"
12.850000000000001,BodyIndex(3),"[0.02499, -0.025, 0.0]","[-1.160023015596377e-05, 0.00020275198063361455, -0.00012127786367316947]"
12.9,BodyIndex(3),"[0.00833, -0.025, 0.0]","[1.7934453119712802e-06, -2.6272048406166796e-06, -5.243756134684243e-07]"
12.9,BodyIndex(3),"[0.02499, -0.025, 0.0]","[3.828750345726296e-06, -5.608708207973499e-06, -1.1194672611181462e-06]"
12.950000000000001,BodyIndex(3),"[0.00833, -0.025, 0.0]","[6.85159223407676e-07, -2.5963965028943887e-05, -1.6928923003317794e-05]"
12.950000000000001,BodyIndex(3),"[0.02499, -0.025, 0.0]","[3.2795111506914212e-06, -0.00012427638703466608, -8.103020416546759e-05]"
13.0,BodyIndex(3),"[0.00833, -0.025, 0.0]","[-2.65372746778876e-06, -3.91625293949498e-06, 2.4882108965737555e-07]"
13.0,BodyIndex(3),"[0.02499, -0.025, 0.0]","[-4.256720491923889e-06, -6.281878731502218e-06, 3.991223077816416e-07]"
13.05,BodyIndex(3),"[0.00833, -0.025, 0.0]","[6.731478939942912e-06, 5.617375644541199e-05, -3.6359414504792634e-05]"
13.05,BodyIndex(3),"[0.02499, -0.025, 0.0]","[2.1519153426179176e-05, 0.0001795759437500214, -0.00011623356861030496]"
13.100000000000001,BodyIndex(3),"[0.00833, -0.025, 0.0]","[-8.775948401202715e-08, 1.3425330285131741e-07, -1.660547064309353e-09]"
13.100000000000001,BodyIndex(3),"[0.02499, -0.025, 0.0]","[-2.8224304301170993e-06, 4.317716900652642e-06, -5.340480994972607e-08]"
13.15,BodyIndex(3),"[0.00833, -0.025, 0.0]","[4.803883113879867e-06, -2.228174053890003e-05, -1.5055931976959498e-05]"
13.15,BodyIndex(3),"[0.02499, -0.025, 0.0]","[2.2842198939356554e-05, -0.0001059484458799861, -7.1590125172169e-05]"
13.200000000000001,BodyIndex(3),"[0.00833, -0.025, 0.0]","[-1.1295214502125388e-05, -1.8495048576611888e-05, -2.8698860491839954e-06]"
13.200000000000001,BodyIndex(3),"[0.02499, -0.025, 0.0]","[-3.3285100285121215e-05, -5.450180220436518e-05, -8.457072234970396e-06]"
13.25,BodyIndex(3),"[0.00833, -0.025, 0.0]","[1.3093134590973064e-05, 4.375567514396684e-05, -2.835248604522508e-05]"
13.25,BodyIndex(3),"[0.02499, -0.025, 0.0]","[4.324492152547956e-05, 0.00014451930702673668, -9.364457575524631e-05]"
13.3,BodyIndex(3),"[0.00833, -0.025, 0.0]","[-4.270360477490523e-06, 7.650147792742288e-06, -1.5416265671391738e-06]"
13.3,BodyIndex(3),"[0.02499, -0.025, 0.0]","[-2.559203247785932e-05, 4.584690960031931e-05, -9.238882146581984e-06]"
13.350000000000001,BodyIndex(3),"[0.00833, -0.025, 0.0]","[7.61649315689799e-06, -2.080135896707718e-05, -1.3500401757819161e-05]"
13.350000000000001,BodyIndex(3),"[0.02499, -0.025, 0.0]","[3.4468812677070966e-05, -9.413756841826001e-05, -6.10967291205433e-05]"
13.4,BodyIndex(3),"[0.00833, -0.025, 0.0]","[-1.5505287097758854e-05, -3.0915156409857496e-05, -9.538277618538424e-06]"
13.4,BodyIndex(3),"[0.02499, -0.025, 0.0]","[-5.390570866317052e-05, -0.00010747968768324224, -3.316079290964502e-05]"
13.450000000000001,BodyIndex(3),"[0.00833, -0.025, 0.0]","[1.2886575443035829e-05, 3.0207741839411922e-05, -1.8116948934309674e-05]"
13.450000000000001,BodyIndex(3),"[0.02499, -0.025, 0.0]","[4.628875981344328e-05, 0.00010850663255665015, -6.507633478573863e-05]"
13.5,BodyIndex(3),"[0.00833, -0.025, 0.0]","[-1.0707485654229134e-05, 2.4487859860357203e-05, -8.117492756710517e-06]"
13.5,BodyIndex(3),"[0.02499, -0.025, 0.0]","[-4.6597917025113934e-05, 0.00010656874066834259, -3.532652446559753e-05]"
13.55,BodyIndex(3),"[0.00833, -0.025, 0.0]","[8.201284413315376e-06, -1.6560365525900615e-05, -9.529786936620823e-06]"
13.55,BodyIndex(3),"[0.02499, -0.025, 0.0]","[3.558844368255548e-05, -7.18616263233333e-05, -4.135331353099377e-05]"
13.600000000000001,BodyIndex(3),"[0.00833, -0.025, 0.0]","[-1.2314459477290286e-05, -3.439053579157257e-05, -1.5446834650984467e-05]"
13.600000000000001,BodyIndex(3),"[0.02499, -0.025, 0.0]","[-4.9231548608828745e-05, -0.00013748872515507475, -6.175436220931223e-05]"
13.65,BodyIndex(3),"[0.00833, -0.025, 0.0]","[6.866305253761606e-06, 1.196409167399111e-05, -5.712644032487847e-06]"
13.65,BodyIndex(3),"[0.02499, -0.025, 0.0]","[2.988281022753715e-05, 5.2068859135394707e-05, -2.4861967420802617e-05]"
13.700000000000001,BodyIndex(3),"[0.00833, -0.025, 0.0]","[-1.2296081775669053e-05, 4.7681504454377955e-05, -2.3576637712348615e-05]"
13.700000000000001,BodyIndex(3),"[0.02499, -0.025, 0.0]","[-4.548194914422344e-05, 0.00017636900927296258, -8.720757205329123e-05]"
13.75,BodyIndex(3),"[0.00833, -0.025, 0.0]","[6.739494709076314e-06, -1.0513774219485334e-05, -4.257834589282169e-06]"
13.75,BodyIndex(3),"[0.02499, -0.025, 0.0]","[2.4008680106025528e-05, -3.745411975806676e-05, -1.5168049388150151e-05]"
13.8,BodyIndex(3),"[0.00833, -0.025, 0.0]","[-4.8241430926930755e-06, -3.115173748941505e-05, -1.8519094097532473e-05]"
13.8,BodyIndex(3),"[0.02499, -0.025, 0.0]","[-2.2232071917994502e-05, -0.0001435628369490457, -8.534527768383592e-05]"
13.850000000000001,BodyIndex(3),"[0.00833, -0.025, 0.0]","[9.94710250042069e-07, 1.4736162312381339e-06, -4.1728380341011495e-07]"
13.850000000000001,BodyIndex(3),"[0.02499, -0.025, 0.0]","[6.93653632368735e-06, 1.0276150783332397e-05, -2.909896886574012e-06]"
13.9,BodyIndex(3),"[0.00833, -0.025, 0.0]","[-5.172840556863099e-06, 6.314283889756781e-05, -3.767003028863035e-05]"
13.9,BodyIndex(3),"[0.02499, -0.025, 0.0]","[-1.715842202259713e-05, 0.00020944613807434695, -0.0001249522907561448]"
13.950000000000001,BodyIndex(3),"[0.00833, -0.025, 0.0]","[3.2736689010358242e-06, -4.800437007646234e-06, -1.1843676358306484e-06]"
13.950000000000001,BodyIndex(3),"[0.02499, -0.025, 0.0]","[8.529588428483898e-06, -1.2507603300727666e-05, -3.085885832392975e-06]"
14.0,BodyIndex(3),"[0.00833, -0.025, 0.0]","[-1.042442165699748e-06, -2.881594361817605e-05, -1.8279422569878102e-05]"
14.0,BodyIndex(3),"[0.02499, -0.025, 0.0]","[-4.900674083672186e-06, -0.00013546799307696927, -8.593425649907564e-05]"
14.05,BodyIndex(3),"[0.00833, -0.025, 0.0]","[-6.050682327449223e-07, -8.949518713243285e-07, 1.421699894542665e-07]"
14.05,BodyIndex(3),"[0.02499, -0.025, 0.0]","[-1.0814516617389458e-07, -1.5995670174740245e-07, 2.5410352589034544e-08]"
14.100000000000001,BodyIndex(3),"[0.00833, -0.025, 0.0]","[1.301890283388362e-06, 6.242400669104852e-05, -3.858458288125982e-05]"
14.100000000000001,BodyIndex(3),"[0.02499, -0.025, 0.0]","[4.103955450181873e-06, 0.00019677951802140963, -0.00012163037947899316]"
14.15,BodyIndex(3),"[0.00833, -0.025, 0.0]","[1.717860163733291e-07, -2.5861275678540273e-07, -2.6837001407166873e-08]"
14.15,BodyIndex(3),"[0.02499, -0.025, 0.0]","[1.616603888861587e-09, -2.433692783351641e-09, -2.5255141108764676e-10]"
14.200000000000001,BodyIndex(3),"[0.00833, -0.025, 0.0]","[2.7086400974280213e-06, -2.2001548751374688e-05, -1.4594783597294507e-05]"
14.200000000000001,BodyIndex(3),"[0.02499, -0.025, 0.0]","[1.3275336345240121e-05, -0.00010783195599446315, -7.153060361324981e-05]"
14.25,BodyIndex(3),"[0.00833, -0.025, 0.0]","[-8.63431138240196e-06, -1.3494469278670437e-05, -1.0263130095242671e-06]"
14.25,BodyIndex(3),"[0.02499, -0.025, 0.0]","[-2.176304639812177e-05, -3.40132232928615e-05, -2.586853387149804e-06]"
14.3,BodyIndex(3),"[0.00833, -0.025, 0.0]","[1.1370723163285898e-05, 4.211955688829542e-05, -2.732660103540325e-05]"
14.3,BodyIndex(3),"[0.02499, -0.025, 0.0]","[3.763590031582796e-05, 0.0001394113128629402, -9.044818150700929e-05]"
14.350000000000001,BodyIndex(3),"[0.00833, -0.025, 0.0]","[-3.2729619245936543e-06, 5.668499418372375e-06, -1.1575132175596297e-06]"
14.350000000000001,BodyIndex(3),"[0.02499, -0.025, 0.0]","[-2.2713040307849476e-05, 3.933710771490186e-05, -8.032676509233897e-06]"
14.4,BodyIndex(3),"[0.00833, -0.025, 0.0]","[8.179431348864366e-06, -2.0522956581818345e-05, -1.3273834183568116e-05]"
14.4,BodyIndex(3),"[0.02499, -0.025, 0.0]","[3.5548200664864166e-05, -8.919375292612055e-05, -5.768871954834928e-05]"
14.450000000000001,BodyIndex(3),"[0.00833, -0.025, 0.0]","[-1.464552466047792e-05, -2.9397594876213268e-05, -1.0395088341315074e-05]"
14.450000000000001,BodyIndex(3),"[0.02499, -0.025, 0.0]","[-5.6868581705897086e-05, -0.00011415087987160172, -4.036413473621529e-05]"
14.5,BodyIndex(3),"[0.00833, -0.025, 0.0]","[1.4813860931473048e-05, 3.344270427744421e-05, -2.0208233893529534e-05]"
14.5,BodyIndex(3),"[0.02499, -0.025, 0.0]","[5.153314784038985e-05, 0.00011633751873898545, -7.029861490166435e-05]"
14.55,BodyIndex(3),"[0.00833, -0.025, 0.0]","[-1.0625038180019676e-05, 2.287416582204115e-05, -7.346455006481414e-06]"
14.55,BodyIndex(3),"[0.02499, -0.025, 0.0]","[-4.861657265235209e-05, 0.000104664428090286, -3.361488754284909e-05]"
14.600000000000001,BodyIndex(3),"[0.00833, -0.025, 0.0]","[9.350685701063608e-06, -2.1863004009897825e-05, -1.3546142932230446e-05]"
14.600000000000001,BodyIndex(3),"[0.02499, -0.025, 0.0]","[4.087775520166597e-05, -9.557700413221975e-05, -5.9218749556249996e-05]"
14.65,BodyIndex(3),"[0.00833, -0.025, 0.0]","[-1.592525490008528e-05, -3.563834275433393e-05, -1.1949273736309458e-05]"
14.65,BodyIndex(3),"[0.02499, -0.025, 0.0]","[-5.492002436776234e-05, -0.00012290281472883706, -4.1208408210261284e-05]"
14.700000000000001,BodyIndex(3),"[0.00833, -0.025, 0.0]","[1.059838771178663e-05, 2.4055300595741013e-05, -1.3972106699903124e-05]"
14.700000000000001,BodyIndex(3),"[0.02499, -0.025, 0.0]","[4.165994962159347e-05, 9.455613799034355e-05, -5.4921302848560227e-05]"
14.75,BodyIndex(3),"[0.00833, -0.025, 0.0]","[-1.2016269403097205e-05, 3.117810807209983e-05, -1.0661523210156051e-05]"
14.75,BodyIndex(3),"[0.02499, -0.025, 0.0]","[-4.553000808753907e-05, 0.00011813479417422054, -4.039683380091105e-05]"
14.8,BodyIndex(3),"[0.00833, -0.025, 0.0]","[5.512351904783226e-06, -1.0230491677201202e-05, -5.312164604016342e-06]"
14.8,BodyIndex(3),"[0.02499, -0.025, 0.0]","[2.5613700165932337e-05, -4.753701340121583e-05, -2.468350964336774e-05]"
14.850000000000001,BodyIndex(3),"[0.00833, -0.025, 0.0]","[-7.412349556788179e-06, -3.011092562124821e-05, -1.561724740916095e-05]"
14.850000000000001,BodyIndex(3),"[0.02499, -0.025, 0.0]","[-3.182157128774547e-05, -0.00012926764433539965, -6.704559032754411e-05]"
14.9,BodyIndex(3),"[0.00833, -0.025, 0.0]","[9.052663839588133e-07, 1.3388949731542668e-06, -4.030929106298952e-07]"
14.9,BodyIndex(3),"[0.02499, -0.025, 0.0]","[6.3767378280944356e-06, 9.431237450596352e-06, -2.8394049055590343e-06]"
14.950000000000001,BodyIndex(3),"[0.00833, -0.025, 0.0]","[-7.595185459675938e-07, 4.9297223228653755e-05, -3.121821546486085e-05]"
14.950000000000001,BodyIndex(3),"[0.02499, -0.025, 0.0]","[-2.708339552259468e-06, 0.00017578717490912167, -0.00011131989882712923]"
15.0,BodyIndex(3),"[0.00833, -0.025, 0.0]","[2.1407560944562476e-06, -2.931270201078855e-06, -3.27653782960499e-07]"
15.0,BodyIndex(3),"[0.02499, -0.025, 0.0]","[2.272424991300688e-06, -3.1115602933170684e-06, -3.4780638804289853e-07]"
15.05,BodyIndex(3),"[0.00833, -0.025, 0.0]","[3.714047160257579e-06, -2.725146705848567e-05, -1.9592608325469054e-05]"
15.05,BodyIndex(3),"[0.02499, -0.025, 0.0]","[1.751204433410317e-05, -0.00012849295625649948, -9.238079399954028e-05]"
15.100000000000001,BodyIndex(3),"[0.00833, -0.025, 0.0]","[-5.29277039721886e-07, -7.527821287810826e-07, 1.8690631862335223e-08]"
15.100000000000001,BodyIndex(3),"[0.02499, -0.025, 0.0]","[-1.6122808885569501e-06, -2.29312089585202e-06, 5.693530284731637e-08]"
15.15,BodyIndex(3),"[0.00833, -0.025, 0.0]","[3.668973682421977e-06, 7.985697002020068e-05, -5.163843488484597e-05]"
15.15,BodyIndex(3),"[0.02499, -0.025, 0.0]","[1.139610630648476e-05, 0.0002480417136879603, -0.00016039283581334606]"
15.200000000000001,BodyIndex(3),"[0.00833, -0.025, 0.0]","[2.2604047226588713e-06, -3.435148019226239e-06, -7.243096492923956e-07]"
15.200000000000001,BodyIndex(3),"[0.02499, -0.025, 0.0]","[5.147805544508932e-06, -7.823145051113223e-06, -1.6495299232001366e-06]"
15.25,BodyIndex(3),"[0.00833, -0.025, 0.0]","[-2.6703702608469288e-06, -3.135158355132719e-05, -1.836676943752316e-05]"
15.25,BodyIndex(3),"[0.02499, -0.025, 0.0]","[-1.2050201255184945e-05, -0.00014147584587854818, -8.288111629116917e-05]"
15.3,BodyIndex(3),"[0.00833, -0.025, 0.0]","[-1.4742510565442285e-06, -2.421836865624134e-06, 6.164548275960881e-07]"
15.3,BodyIndex(3),"[0.02499, -0.025, 0.0]","[-3.95207677801115e-08, -6.49230346098606e-08, 1.6525521877842227e-08]"
15.350000000000001,BodyIndex(3),"[0.00833, -0.025, 0.0]","[-3.1318655790502504e-06, 5.712046112287842e-05, -3.2460841214223846e-05]"
15.350000000000001,BodyIndex(3),"[0.02499, -0.025, 0.0]","[-9.44080134432653e-06, 0.00017218584659720786, -9.785105574874275e-05]"
15.4,BodyIndex(3),"[0.00833, -0.025, 0.0]","[-4.459120751065014e-08, 7.236189946912858e-08, 8.991373396715753e-09]"
15.4,BodyIndex(3),"[0.02499, -0.025, 0.0]","[-4.3761523107136394e-07, 7.101550086837694e-07, 8.824075790530907e-08]"
15.450000000000001,BodyIndex(3),"[0.00833, -0.025, 0.0]","[2.3304935580999424e-06, -1.0841024055139743e-05, -6.749646491295385e-06]"
15.450000000000001,BodyIndex(3),"[0.02499, -0.025, 0.0]","[1.381514845378559e-05, -6.426550984973517e-05, -4.001185412580312e-05]"
15.5,BodyIndex(3),"[0.00833, -0.025, 0.0]","[-1.4150003444957952e-05, -2.671388736931527e-05, -7.900578035785712e-06]"
15.5,BodyIndex(3),"[0.02499, -0.025, 0.0]","[-4.6333027436170596e-05, -8.747243640073428e-05, -2.5869795743696656e-05]"
15.55,BodyIndex(3),"[0.00833, -0.025, 0.0]","[5.730808392581494e-06, 9.207705387168059e-06, -4.229539742228437e-06]"
15.55,BodyIndex(3),"[0.02499, -0.025, 0.0]","[2.118442709852673e-05, 3.403707647452981e-05, -1.563485815466229e-05]"
15.600000000000001,BodyIndex(3),"[0.00833, -0.025, 0.0]","[-4.676078359138136e-06, 3.567775559369235e-05, -2.401509353436725e-05]"
15.600000000000001,BodyIndex(3),"[0.02499, -0.025, 0.0]","[-2.189049846127142e-05, 0.00016702112196197023, -0.0001124237721624172]"
15.65,BodyIndex(3),"[0.00833, -0.025, 0.0]","[1.5551330557363424e-05, -1.9620014524782346e-05, -5.802632395252754e-06]"
15.65,BodyIndex(3),"[0.02499, -0.025, 0.0]","[2.701700234582666e-05, -3.408544217396319e-05, -1.0080792280521893e-05]"
15.700000000000001,BodyIndex(3),"[0.00833, -0.025, 0.0]","[3.4701154838635003e-07, -2.731630034680364e-05, -2.215780355474151e-05]"
15.700000000000001,BodyIndex(3),"[0.02499, -0.025, 0.0]","[2.1908713525624247e-06, -0.00017246255972199577, -0.00013989418297324476]"
15.75,BodyIndex(3),"[0.00833, -0.025, 0.0]","[1.9080790458887632e-05, 3.054025740547679e-05, -1.188905789707052e-05]"
15.75,BodyIndex(3),"[0.02499, -0.025, 0.0]","[5.967690674178867e-05, 9.551743136553001e-05, -3.7184109374290876e-05]"
15.8,BodyIndex(3),"[0.00833, -0.025, 0.0]","[-1.8505103848022395e-05, 4.6425065204909076e-05, -1.4044385892357592e-05]"
15.8,BodyIndex(3),"[0.02499, -0.025, 0.0]","[-6.949938825896744e-05, 0.0001743580397128475, -5.2746325338565264e-05]"
15.850000000000001,BodyIndex(3),"[0.00833, -0.025, 0.0]","[6.677011514021129e-06, -2.7535258437774432e-05, -1.82662057700173e-05]"
15.850000000000001,BodyIndex(3),"[0.02499, -0.025, 0.0]","[3.260999000436029e-05, -0.00013447999910405127, -8.92106874949995e-05]"
15.9,BodyIndex(3),"[0.00833, -0.025, 0.0]","[-1.6919126472727234e-05, -3.6163435111023714e-05, -3.924360950234438e-07]"
15.9,BodyIndex(3),"[0.02499, -0.025, 0.0]","[-2.8721589900863917e-05, -6.139036517869946e-05, -6.66192111142896e-07]"
15.950000000000001,BodyIndex(3),"[0.00833, -0.025, 0.0]","[1.8347667890454824e-06, 2.806900364475051e-05, -1.8666880026061114e-05]"
15.950000000000001,BodyIndex(3),"[0.02499, -0.025, 0.0]","[7.2661281158759915e-06, 0.00011116016367063832, -7.39254397904214e-05]"
16.0,BodyIndex(3),"[0.00833, -0.025, 0.0]","[-5.135625848043588e-06, 1.0902925050345074e-05, -4.626260006416547e-07]"
16.0,BodyIndex(3),"[0.02499, -0.025, 0.0]","[-1.300332384570706e-05, 2.7606034685941493e-05, -1.1713617548831728e-06]"
16.05,BodyIndex(3),"[0.00833, -0.025, 0.0]","[4.467323549241206e-07, -1.3803942062021208e-06, -8.296310997104519e-07]"
16.05,BodyIndex(3),"[0.02499, -0.025, 0.0]","[6.489888426920238e-06, -2.0053627825861306e-05, -1.2052436348691384e-05]"
16.1,BodyIndex(3),"[0.00833, -0.025, 0.0]","[-4.611512459545369e-06, -1.9898308460916005e-05, -7.650596802571849e-06]"
16.1,BodyIndex(3),"[0.02499, -0.025, 0.0]","[-1.890003219623491e-05, -8.155213151023386e-05, -3.1355553553741236e-05]"
16.150000000000002,BodyIndex(3),"[0.00833, -0.025, 0.0]","[-3.5523610842558323e-06, -4.971884843497728e-06, -2.782503328963748e-07]"
16.150000000000002,BodyIndex(3),"[0.02499, -0.025, 0.0]","[-5.818964657491864e-06, -8.144223376856809e-06, -4.5578949173702453e-07]"
16.2,BodyIndex(3),"[0.00833, -0.025, 0.0]","[2.1074184603037816e-06, 4.018485955448471e-06, -1.329279455622395e-06]"
16.2,BodyIndex(3),"[0.02499, -0.025, 0.0]","[7.941374244728397e-06, 1.514284014803645e-05, -5.009116998721077e-06]"
16.25,BodyIndex(3),"[0.00833, -0.025, 0.0]","[1.0717065063438373e-06, 1.430228091994769e-05, -9.860410022685213e-06]"
16.25,BodyIndex(3),"[0.02499, -0.025, 0.0]","[6.611210287478981e-06, 8.822880722722435e-05, -6.082751555099971e-05]"
16.3,BodyIndex(3),"[0.00833, -0.025, 0.0]","[9.289986837212823e-06, -8.964867886296449e-06, 2.6651634452876793e-06]"
16.3,BodyIndex(3),"[0.02499, -0.025, 0.0]","[1.1394271680496673e-07, -1.0995509688673372e-07, 3.268852464558197e-08]"
16.35,BodyIndex(3),"[0.00833, -0.025, 0.0]","[-8.659610011748306e-07, 8.235143164318293e-07, 3.049128083644819e-07]"
16.35,BodyIndex(3),"[0.02499, -0.025, 0.0]","[4.634343743664531e-06, -4.4071827888280515e-06, -1.6317949236628858e-06]"
16.400000000000002,BodyIndex(3),"[0.00833, -0.025, 0.0]","[-9.212411844097206e-06, -2.511077055985623e-05, -5.260642287668443e-06]"
16.400000000000002,BodyIndex(3),"[0.02499, -0.025, 0.0]","[-9.326176293423261e-05, -0.0002542086448892057, -5.325606173682877e-05]"
16.45,BodyIndex(3),"[0.00833, -0.025, 0.0]","[4.1355998896751704e-05, 5.971936544724924e-05, -4.3959246666182594e-05]"
16.45,BodyIndex(3),"[0.02499, -0.025, 0.0]","[0.00014143013264017739, 0.00020422956769773694, -0.00015033277523490804]"
16.5,BodyIndex(3),"[0.00833, -0.025, 0.0]","[0.00013301869891427045, -0.00012324585144612773, -9.106135002629717e-05]"
16.5,BodyIndex(3),"[0.02499, -0.025, 0.0]","[0.00022162336286942662, -0.00020534075494754603, -0.00015171793728988917]"
16.55,BodyIndex(3),"[0.00833, -0.025, 0.0]","[-1.3313528026654167e-05, -2.1632905976930228e-05, -1.0538870104797472e-05]"
16.55,BodyIndex(3),"[0.02499, -0.025, 0.0]","[-8.921811821380565e-05, -0.00014496887368200818, -7.062426705883911e-05]"
16.6,BodyIndex(3),"[0.00833, -0.025, 0.0]","[7.21316405922224e-06, 9.923545184836334e-05, -2.972426236194262e-05]"
16.6,BodyIndex(3),"[0.02499, -0.025, 0.0]","[1.5994474580319128e-05, 0.00022004475414999394, -6.59105982982578e-05]"
16.650000000000002,BodyIndex(3),"[0.00833, -0.025, 0.0]","[-4.290983813616339e-06, -1.911449569920437e-05, -9.538259265742417e-06]"
16.650000000000002,BodyIndex(3),"[0.02499, -0.025, 0.0]","[-2.2072437417097292e-05, -9.832325834957964e-05, -4.906395359569441e-05]"
16.7,BodyIndex(3),"[0.00833, -0.025, 0.0]","[-1.4491761601217637e-06, -2.8701672279826936e-06, 6.028382434392844e-07]"
16.7,BodyIndex(3),"[0.02499, -0.025, 0.0]","[4.5944492696775665e-06, 9.09954088904525e-06, -1.9112305346443244e-06]"
16.75,BodyIndex(3),"[0.00833, -0.025, 0.0]","[4.924538208291254e-06, -8.046225804916573e-06, 6.706898594055385e-06]"
16.75,BodyIndex(3),"[0.02499, -0.025, 0.0]","[-3.9598689850199786e-06, 6.470048289545553e-06, -5.393082275929671e-06]"
16.8,BodyIndex(3),"[0.00833, -0.025, 0.0]","[-5.3934111380566244e-06, 1.1120837346526073e-05, 1.6230957787198085e-06]"
16.8,BodyIndex(3),"[0.02499, -0.025, 0.0]","[1.0257839005682138e-05, -2.1150948108537117e-05, -3.0869990740051894e-06]"
16.85,BodyIndex(3),"[0.00833, -0.025, 0.0]","[3.176383866157635e-06, 4.879765229554861e-06, -1.4039180118515078e-06]"
16.85,BodyIndex(3),"[0.02499, -0.025, 0.0]","[4.931791425590687e-06, 7.576535246392007e-06, -2.179784026373713e-06]"
16.900000000000002,BodyIndex(3),"[0.00833, -0.025, 0.0]","[0.00010573153687807444, -0.0001197442128031139, -1.9184025421665283e-05]"
16.900000000000002,BodyIndex(3),"[0.02499, -0.025, 0.0]","[0.0001003121836856035, -0.00011360662887030109, -1.8200733090132885e-05]"
16.95,BodyIndex(3),"[0.00833, -0.025, 0.0]","[-2.839775465497677e-05, -6.400391032197857e-05, -1.4863688290231005e-05]"
16.95,BodyIndex(3),"[0.02499, -0.025, 0.0]","[-8.39762508690633e-05, -0.00018926878181397188, -4.395406720936819e-05]"
17.0,BodyIndex(3),"[0.00833, -0.025, 0.0]","[-1.076052521485366e-06, 5.839890967809726e-05, -3.434379950392078e-05]"
17.0,BodyIndex(3),"[0.02499, -0.025, 0.0]","[-2.8420913968584323e-06, 0.00015424436583534373, -9.070952872336315e-05]"
17.05,BodyIndex(3),"[0.00833, -0.025, 0.0]","[-1.0565298182506041e-06, -5.4238721511330496e-06, -9.29823179029998e-07]"
17.05,BodyIndex(3),"[0.02499, -0.025, 0.0]","[-1.715107490205571e-05, -8.804790543184821e-05, -1.509419489514908e-05]"
17.1,BodyIndex(3),"[0.00833, -0.025, 0.0]","[2.1183355364163064e-06, 4.532340024097459e-06, -1.999635308854737e-06]"
17.1,BodyIndex(3),"[0.02499, -0.025, 0.0]","[4.5733176548450756e-05, 9.784961019457837e-05, -4.3170533204139846e-05]"
17.150000000000002,BodyIndex(3),"[0.00833, -0.025, 0.0]","[0.0001450009077876851, -8.219549665436616e-05, -1.8022772901665332e-05]"
17.150000000000002,BodyIndex(3),"[0.02499, -0.025, 0.0]","[0.00013668512655284058, -7.748159672714683e-05, -1.698916946440284e-05]"
17.2,BodyIndex(3),"[0.00833, -0.025, 0.0]","[-9.823170722884939e-08, -1.9422534841344475e-07, -1.210562016185828e-07]"
17.2,BodyIndex(3),"[0.02499, -0.025, 0.0]","[-6.994030607659767e-05, -0.0001382871243825909, -8.619119052821914e-05]"
17.25,BodyIndex(3),"[0.00833, -0.025, 0.0]","[2.774879175859319e-07, 5.283223023550327e-06, 5.46635196863779e-07]"
17.25,BodyIndex(3),"[0.02499, -0.025, 0.0]","[4.276737677202042e-07, 8.142682088088326e-06, 8.424926614644795e-07]"
17.3,BodyIndex(3),"[0.00833, -0.025, 0.0]","[-2.770424620597248e-06, -4.575136334181229e-06, -1.4932516250213778e-06]"
17.3,BodyIndex(3),"[0.02499, -0.025, 0.0]","[-1.3221240097778443e-05, -2.183382846967326e-05, -7.126213835245711e-06]"
17.35,BodyIndex(3),"[0.00833, -0.025, 0.0]","[1.2433144376996013e-06, -7.741799416554847e-06, 8.532166168034825e-07]"
17.35,BodyIndex(3),"[0.02499, -0.025, 0.0]","[-7.093764681859133e-06, 4.4171049261525056e-05, -4.8680508475831256e-06]"
17.400000000000002,BodyIndex(3),"[0.00833, -0.025, 0.0]","[-6.808730735920859e-06, -1.1695273501337301e-05, -4.256652601729297e-06]"
17.400000000000002,BodyIndex(3),"[0.02499, -0.025, 0.0]","[-0.00010207938966747425, -0.0001753405190063273, -6.381754786080933e-05]"
17.45,BodyIndex(3),"[0.00833, -0.025, 0.0]","[2.9932030837462698e-06, 3.318295440913523e-05, -1.6669243720326586e-06]"
17.45,BodyIndex(3),"[0.02499, -0.025, 0.0]","[5.746343035847598e-06, 6.370454447719201e-05, -3.200156818135389e-06]"
17.5,BodyIndex(3),"[0.00833, -0.025, 0.0]","[-7.0953694679393885e-06, -1.2382685894239767e-05, -4.5092891821101474e-06]"
17.5,BodyIndex(3),"[0.02499, -0.025, 0.0]","[-3.462925569687458e-05, -6.043423080126685e-05, -2.2007779694070285e-05]"
17.55,BodyIndex(3),"[0.00833, -0.025, 0.0]","[3.8297534840608053e-07, 4.4612700131787065e-06, -6.775457521868847e-07]"
17.55,BodyIndex(3),"[0.02499, -0.025, 0.0]","[9.942788068482883e-06, 0.00011582328325289527, -1.7590411102784335e-05]"
17.6,BodyIndex(3),"[0.00833, -0.025, 0.0]","[-7.1785367397657495e-06, -1.1744335239229914e-05, -2.0086948592932166e-06]"
17.6,BodyIndex(3),"[0.02499, -0.025, 0.0]","[-4.604073994682552e-05, -7.532424840878756e-05, -1.2883098743082023e-05]"
17.650000000000002,BodyIndex(3),"[0.00833, -0.025, 0.0]","[6.224078971367665e-06, 2.919145199790246e-05, -6.583864174498556e-06]"
17.650000000000002,BodyIndex(3),"[0.02499, -0.025, 0.0]","[1.1455492241658046e-05, 5.3727218665290175e-05, -1.2117681237345487e-05]"
17.7,BodyIndex(3),"[0.00833, -0.025, 0.0]","[-9.877451195659186e-06, -1.7023210203661148e-05, 5.694014109707684e-07]"
17.7,BodyIndex(3),"[0.02499, -0.025, 0.0]","[-2.7209490246705786e-05, -4.6893967161052485e-05, 1.5685344155462246e-06]"
17.75,BodyIndex(3),"[0.00833, -0.025, 0.0]","[-2.1903224161455276e-07, 2.779147763137967e-06, -9.109350533920543e-07]"
17.75,BodyIndex(3),"[0.02499, -0.025, 0.0]","[-5.6337929800935875e-06, 7.148328046682054e-05, -2.343042956275144e-05]"
17.8,BodyIndex(3),"[0.00833, -0.025, 0.0]","[-5.152208759297382e-06, -1.0543823513865224e-05, 2.16312593472386e-06]"
17.8,BodyIndex(3),"[0.02499, -0.025, 0.0]","[-8.635947101486717e-06, -1.767317792564938e-05, 3.6257539278506997e-06]"
17.85,BodyIndex(3),"[0.00833, -0.025, 0.0]","[9.175979241534097e-07, 1.9996695046945504e-05, -9.888553936149243e-06]"
17.85,BodyIndex(3),"[0.02499, -0.025, 0.0]","[1.8321423200426348e-06, 3.99268462712549e-05, -1.974420132560615e-05]"
17.900000000000002,BodyIndex(3),"[0.00833, -0.025, 0.0]","[-4.401249140717683e-06, -1.3655521192991906e-05, 5.058214997043514e-06]"
17.900000000000002,BodyIndex(3),"[0.02499, -0.025, 0.0]","[-6.714740995203092e-06, -2.0833469097933314e-05, 7.717037258577184e-06]"
17.95,BodyIndex(3),"[0.00833, -0.025, 0.0]","[1.0069991754758277e-06, -2.5811064377672235e-06, 7.931288537040629e-07]"
17.95,BodyIndex(3),"[0.02499, -0.025, 0.0]","[5.572712744401903e-08, -1.428378998781859e-07, 4.389158778507461e-08]"
18.0,BodyIndex(3),"[0.00833, -0.025, 0.0]","[-2.5432301093589297e-06, -1.3343183235915255e-05, 4.647285731586878e-06]"
18.0,BodyIndex(3),"[0.02499, -0.025, 0.0]","[-2.1326222855292007e-06, -1.1188908869903786e-05, 3.896975378646443e-06]"
18.05,BodyIndex(3),"[0.00833, -0.025, 0.0]","[-7.24038552459671e-06, 2.318666692775948e-05, -1.1752053174643356e-05]"
18.05,BodyIndex(3),"[0.02499, -0.025, 0.0]","[-1.422081439468395e-05, 4.554084664288515e-05, -2.3082164117547904e-05]"
18.1,BodyIndex(3),"[0.00833, -0.025, 0.0]","[-6.350807639540313e-07, -4.813937326696214e-06, 1.3964303425627408e-06]"
18.1,BodyIndex(3),"[0.02499, -0.025, 0.0]","[-2.471424942292345e-06, -1.873349887934932e-05, 5.434226597096564e-06]"
18.150000000000002,BodyIndex(3),"[0.00833, -0.025, 0.0]","[9.88845956748664e-07, -1.8238358177508016e-06, 5.036452108524147e-07]"
18.150000000000002,BodyIndex(3),"[0.02499, -0.025, 0.0]","[8.189865616818806e-08, -1.5105457177205653e-07, 4.171313607832296e-08]"
18.2,BodyIndex(3),"[0.00833, -0.025, 0.0]","[2.415726264026494e-07, -1.4567036055920978e-05, 3.717817819352161e-06]"
18.2,BodyIndex(3),"[0.02499, -0.025, 0.0]","[2.4144325567566317e-07, -1.4559234890397164e-05, 3.7158267957777833e-06]"
18.25,BodyIndex(3),"[0.00833, -0.025, 0.0]","[-6.103894507056542e-06, 1.0999682065114248e-05, -4.307998978833806e-06]"
18.25,BodyIndex(3),"[0.02499, -0.025, 0.0]","[-1.615607015655875e-05, 2.9114466991259332e-05, -1.1402610850492161e-05]"
18.3,BodyIndex(3),"[0.00833, -0.025, 0.0]","[2.565026367197694e-09, 6.739655967795022e-08, -8.681983802400876e-09]"
18.3,BodyIndex(3),"[0.02499, -0.025, 0.0]","[-4.291738241137332e-07, -1.127662452869671e-05, 1.452647909206734e-06]"
18.35,BodyIndex(3),"[0.00833, -0.025, 0.0]","[1.8417179655050721e-06, -2.824591948105662e-06, 4.997914178625317e-07]"
18.35,BodyIndex(3),"[0.02499, -0.025, 0.0]","[1.6026057936854958e-07, -2.457872218013648e-07, 4.3490297477829324e-08]"
18.400000000000002,BodyIndex(3),"[0.00833, -0.025, 0.0]","[1.1640916456774939e-06, -8.106251869452239e-06, 6.587791425117267e-07]"
18.400000000000002,BodyIndex(3),"[0.02499, -0.025, 0.0]","[1.4091285105587964e-06, -9.812587063424654e-06, 7.974496469601266e-07]"
18.45,BodyIndex(3),"[0.00833, -0.025, 0.0]","[-5.071256991190472e-07, 7.42367727303644e-07, -1.2636460278064933e-07]"
18.45,BodyIndex(3),"[0.02499, -0.025, 0.0]","[-4.5635603081417554e-06, 6.680473697652267e-06, -1.1371391483524428e-06]"
18.5,BodyIndex(3),"[0.00833, -0.025, 0.0]","[5.7163094655096e-07, 1.0436875285275267e-05, 4.5791747538262915e-07]"
18.5,BodyIndex(3),"[0.02499, -0.025, 0.0]","[-3.710015016401063e-08, -6.773769731381128e-07, -2.9719886933912972e-08]"
18.55,BodyIndex(3),"[0.00833, -0.025, 0.0]","[5.061842238264854e-06, -7.455116559728575e-06, -9.719718807668637e-08]"
18.55,BodyIndex(3),"[0.02499, -0.025, 0.0]","[3.0644166674154767e-06, -4.513294245019497e-06, -5.884274324405166e-08]"
18.6,BodyIndex(3),"[0.00833, -0.025, 0.0]","[2.486423368950612e-07, -1.4773058779051225e-06, -2.0093940630649052e-07]"
18.6,BodyIndex(3),"[0.02499, -0.025, 0.0]","[3.3804013445172546e-07, -2.0084619692266553e-06, -2.73185913439849e-07]"
18.650000000000002,BodyIndex(3),"[0.00833, -0.025, 0.0]","[1.1968811860125031e-06, -1.8631122594798667e-06, -2.4217966998489813e-07]"
18.650000000000002,BodyIndex(3),"[0.02499, -0.025, 0.0]","[2.2050073357336794e-07, -3.432401016457736e-07, -4.4616621526264306e-08]"
18.7,BodyIndex(3),"[0.00833, -0.025, 0.0]","[4.207550479271913e-06, 4.254569502424255e-05, 7.717773648660688e-06]"
18.7,BodyIndex(3),"[0.02499, -0.025, 0.0]","[3.083331073048803e-06, 3.1177870387761834e-05, 5.655654382021946e-06]"
18.75,BodyIndex(3),"[0.00833, -0.025, 0.0]","[8.281722343331597e-06, -1.6121572839747703e-05, -5.485462423475359e-06]"
18.75,BodyIndex(3),"[0.02499, -0.025, 0.0]","[1.5001491934630754e-05, -2.920257826848928e-05, -9.936353440989877e-06]"
18.8,BodyIndex(3),"[0.00833, -0.025, 0.0]","[-1.4284676980791577e-08, 5.420562163225964e-07, 2.049456533324741e-07]"
18.8,BodyIndex(3),"[0.02499, -0.025, 0.0]","[-8.959362229265846e-09, 3.3997814561644416e-07, 1.285420978009003e-07]"
18.85,BodyIndex(3),"[0.00833, -0.025, 0.0]","[2.439808047650989e-06, -6.034490934452627e-06, -2.4571885841153625e-06]"
18.85,BodyIndex(3),"[0.02499, -0.025, 0.0]","[4.909596929205065e-06, -1.2143134862444929e-05, -4.944571577532659e-06]"
18.900000000000002,BodyIndex(3),"[0.00833, -0.025, 0.0]","[4.8835661908841427e-05, 0.00011675287553310516, 1.5303250584158847e-05]"
18.900000000000002,BodyIndex(3),"[0.02499, -0.025, 0.0]","[6.441915054902256e-05, 0.00015400878726774738, 2.0186526909587528e-05]"
18.95,BodyIndex(3),"[0.00833, -0.025, 0.0]","[5.39920132999362e-06, -1.7303962191668318e-05, -6.9608953182001885e-06]"
18.95,BodyIndex(3),"[0.02499, -0.025, 0.0]","[9.95083424846499e-06, -3.1891542672145525e-05, -1.282906698580323e-05]"
19.0,BodyIndex(3),"[0.00833, -0.025, 0.0]","[3.35232555967513e-08, 1.7941287424999805e-07, 7.988074023931264e-08]"
19.0,BodyIndex(3),"[0.02499, -0.025, 0.0]","[-6.066653314860961e-08, -3.246807891781735e-07, -1.445589782196859e-07]"
19.05,BodyIndex(3),"[0.00833, -0.025, 0.0]","[4.479912329852496e-06, -1.3804620524501044e-05, -3.826061098992252e-06]"
19.05,BodyIndex(3),"[0.02499, -0.025, 0.0]","[1.2172168043739663e-06, -3.750791275190353e-06, -1.0395618309807938e-06]"
19.1,BodyIndex(3),"[0.00833, -0.025, 0.0]","[3.653913098979793e-05, 7.193781824847066e-05, 1.779012955009918e-05]"
19.1,BodyIndex(3),"[0.02499, -0.025, 0.0]","[2.5422512480838892e-05, 5.0051548373624286e-05, 1.237768327466286e-05]"
19.150000000000002,BodyIndex(3),"[0.00833, -0.025, 0.0]","[8.059840182723513e-07, -3.910791974773745e-06, -1.160992866971043e-06]"
19.150000000000002,BodyIndex(3),"[0.02499, -0.025, 0.0]","[5.804476906762479e-07, -2.8164456354090643e-06, -8.361153735646667e-07]"
19.200000000000003,BodyIndex(3),"[0.00833, -0.025, 0.0]","[-7.707698446353278e-08, -2.685240499370056e-07, -1.4296991553758958e-07]"
19.200000000000003,BodyIndex(3),"[0.02499, -0.025, 0.0]","[-2.838388017390814e-06, -9.888495911293146e-06, -5.264919196485535e-06]"
19.25,BodyIndex(3),"[0.00833, -0.025, 0.0]","[1.9143035760656055e-06, -9.257951972256314e-06, -1.5598238602318844e-06]"
19.25,BodyIndex(3),"[0.02499, -0.025, 0.0]","[-6.06748175040433e-07, 2.9343545788716566e-06, 4.943940409521464e-07]"
19.3,BodyIndex(3),"[0.00833, -0.025, 0.0]","[1.008697993534336e-05, 1.9108654551457012e-05, 7.393662492584198e-06]"
19.3,BodyIndex(3),"[0.02499, -0.025, 0.0]","[-3.410780765304621e-07, -6.461342424861442e-07, -2.5000705837135165e-07]"
19.35,BodyIndex(3),"[0.00833, -0.025, 0.0]","[-1.592531125715598e-07, 1.7173484798215168e-06, 3.0563315152987635e-07]"
19.35,BodyIndex(3),"[0.02499, -0.025, 0.0]","[-1.166026818713246e-06, 1.257416167391082e-05, 2.2377989705635974e-06]"
19.400000000000002,BodyIndex(3),"[0.00833, -0.025, 0.0]","[-1.3600125269510516e-06, -3.8824238888384e-06, -2.2646655537261135e-06]"
19.400000000000002,BodyIndex(3),"[0.02499, -0.025, 0.0]","[-1.163958538369745e-05, -3.3227491257856394e-05, -1.938200388286738e-05]"
19.450000000000003,BodyIndex(3),"[0.00833, -0.025, 0.0]","[9.491034084704464e-08, -1.3963342074814548e-06, -1.0377602410630335e-07]"
19.450000000000003,BodyIndex(3),"[0.02499, -0.025, 0.0]","[-2.4129556162072435e-06, 3.54997404705831e-05, 2.6383525542123288e-06]"
19.5,BodyIndex(3),"[0.00833, -0.025, 0.0]","[-2.0929095699545122e-07, -4.4228092488691145e-07, -2.2350893134139351e-07]"
19.5,BodyIndex(3),"[0.02499, -0.025, 0.0]","[-4.333103889604396e-05, -9.156865750138255e-05, -4.627469020449667e-05]"
19.55,BodyIndex(3),"[0.00833, -0.025, 0.0]","[6.87138049628237e-07, 2.428671443214057e-05, 1.3831784654016445e-06]"
19.55,BodyIndex(3),"[0.02499, -0.025, 0.0]","[2.1226579494238217e-06, 7.502478938935325e-05, 4.272816454633997e-06]"
19.6,BodyIndex(3),"[0.00833, -0.025, 0.0]","[-4.612175206354097e-06, -1.1803299873460465e-05, -6.755818899058436e-06]"
19.6,BodyIndex(3),"[0.02499, -0.025, 0.0]","[-2.4316033321397473e-05, -6.222864921308807e-05, -3.561762294643835e-05]"
19.650000000000002,BodyIndex(3),"[0.00833, -0.025, 0.0]","[1.3512390505955495e-07, 1.595228053281258e-06, -1.2553152508677215e-08]"
19.650000000000002,BodyIndex(3),"[0.02499, -0.025, 0.0]","[7.810482859488641e-06, 9.220797283528223e-05, -7.256020498989946e-07]"
19.700000000000003,BodyIndex(3),"[0.00833, -0.025, 0.0]","[-1.0305943248725748e-05, -2.5989410246257004e-05, -1.4047917785918613e-05]"
19.700000000000003,BodyIndex(3),"[0.02499, -0.025, 0.0]","[-0.00010185322580564158, -0.00025685230419784856, -0.00013883501081040473]"
19.75,BodyIndex(3),"[0.00833, -0.025, 0.0]","[8.724455288319076e-06, 5.5960282508707725e-05, -3.508911947420445e-06]"
19.75,BodyIndex(3),"[0.02499, -0.025, 0.0]","[2.1541203244537966e-05, 0.00013816929301658305, -8.663714000319482e-06]"
19.8,BodyIndex(3),"[0.00833, -0.025, 0.0]","[-9.093540805923946e-06, -2.054361428578153e-05, -9.461079217651083e-06]"
19.8,BodyIndex(3),"[0.02499, -0.025, 0.0]","[-3.754623663613572e-05, -8.482233926227819e-05, -3.906376258934713e-05]"
19.85,BodyIndex(3),"[0.00833, -0.025, 0.0]","[2.7237890065040276e-06, 1.2654793542893915e-05, -1.6510646421098837e-06]"
19.85,BodyIndex(3),"[0.02499, -0.025, 0.0]","[3.2891986954794964e-05, 0.00015281701450977446, -1.9937960150409767e-05]"
19.900000000000002,BodyIndex(3),"[0.00833, -0.025, 0.0]","[-2.641821192714554e-05, -6.780005882613783e-05, -3.0235561052835807e-05]"
19.900000000000002,BodyIndex(3),"[0.02499, -0.025, 0.0]","[-0.0001463226351561885, -0.0003755244033375048, -0.00016746579900552642]"
19.950000000000003,BodyIndex(3),"[0.00833, -0.025, 0.0]","[1.6006361915387303e-05, 6.164020716442175e-05, -1.3327461467285267e-05]"
19.950000000000003,BodyIndex(3),"[0.02499, -0.025, 0.0]","[3.546045330212612e-05, 0.00013655755750381383, -2.9525624092145184e-05]"
20.0,BodyIndex(3),"[0.00833, -0.025, 0.0]","[-1.2277924917775591e-05, -2.447682317783261e-05, -4.498767118870619e-06]"
20.0,BodyIndex(3),"[0.02499, -0.025, 0.0]","[-4.3191755669868314e-05, -8.610550832909391e-05, -1.582593569476727e-05]"
